BioNavigator Version,6.3.67.0,PamGrid Version,QuantitationType,Log2_Mean,Protocol file name,6.24.21GillespieR21ExVivoVALDate,"Mon, 09 Aug 2021 12:32:27 GMT",,,,,,,,,,,,,,,,,,,,,,,,,,,,,,,,,,,,,,,,,,,,,,,,,,,,,,,,,,,,,,,,,,,,,,,,,,,,,,,,,,,,,,,,,,,,,,,,,,,,,,,,,,,,,,,,,,,,,,,,,,,,,,,,,,,
,,,,,,Barcode,640028502,640028502,640028502,640028502,640028503,640028503,640028503,640028503,640028505,640028505,640028505,640028505,640028507,640028507,640028507,640028507,640028509,640028509,640028509,640028509,640028510,640028510,640028510,640028510,640088502,640088502,640088502,640088502,640088503,640088503,640088503,640088503,640088504,640088504,640088504,640088504,640088505,640088505,640088505,640088505,640088509,640088509,640088509,640088509,640088510,640088510,640088510,640088510,640088513,640088513,640088513,640088513,640088514,640088514,640088514,640088514,640088515,640088515,640088515,640088515,640088516,640088516,640088516,640088516,640088915,640088915,640088915,640088915,640088917,640088917,640088917,640088917,640088918,640088918,640088918,640088918,640088919,640088919,640088919,640088919,640088921,640088921,640088921,640088921,710235811,710235811,710235811,710235811,710288105,710288105,710288105,710288105,710288107,710288107,710288107,710288107,710288108,710288108,710288108,710288108,710288111,710288111,710288111,710288111,710288116,710288116,710288116,710288116,710288117,710288117,710288117,710288117,710288118,710288118,710288118,710288118,710288121,710288121,710288121,710288121,710288201,710288201,710288201,710288201,710288203,710288203,710288203,710288203,710288204,710288204,710288204,710288204
,,,,,,Array,A1,A2,A3,A4,A1,A2,A3,A4,A1,A2,A3,A4,A1,A2,A3,A4,A1,A2,A3,A4,A1,A2,A3,A4,A1,A2,A3,A4,A1,A2,A3,A4,A1,A2,A3,A4,A1,A2,A3,A4,A1,A2,A3,A4,A1,A2,A3,A4,A1,A2,A3,A4,A1,A2,A3,A4,A1,A2,A3,A4,A1,A2,A3,A4,A1,A2,A3,A4,A1,A2,A3,A4,A1,A2,A3,A4,A1,A2,A3,A4,A1,A2,A3,A4,A1,A2,A3,A4,A1,A2,A3,A4,A1,A2,A3,A4,A1,A2,A3,A4,A1,A2,A3,A4,A1,A2,A3,A4,A1,A2,A3,A4,A1,A2,A3,A4,A1,A2,A3,A4,A1,A2,A3,A4,A1,A2,A3,A4,A1,A2,A3,A4
,,,,,,Comment 1,CT,Brigatinib,Sitravatinib,Neratinib,CT,Brigatinib,Sitravatinib,Neratinib,CT,Brigatinib,Sitravatinib,Neratinib,CT,Brigatinib,Sitravatinib,Neratinib,CT,Brigatinib,Sitravatinib,Neratinib,CT,Brigatinib,Sitravatinib,Neratinib,CT,Brigatinib,Sitravatinib,Neratinib,CT,Brigatinib,Sitravatinib,Neratinib,CT,Brigatinib,Sitravatinib,Neratinib,CT,Brigatinib,Sitravatinib,Neratinib,CT,Brigatinib,Sitravatinib,Neratinib,CT,Brigatinib,Sitravatinib,Neratinib,CT,Brigatinib,Sitravatinib,Neratinib,CT,Brigatinib,Sitravatinib,Neratinib,CT,Brigatinib,Sitravatinib,Neratinib,CT,Brigatinib,Sitravatinib,Neratinib,CT,Brigatinib,Sitravatinib,Neratinib,CT,Brigatinib,Sitravatinib,Neratinib,CT,Brigatinib,Sitravatinib,Neratinib,CT,Brigatinib,Sitravatinib,Neratinib,CT,Brigatinib,Sitravatinib,Neratinib,CT,Paxalisib,Paxalisib,Paxalisib,CT,Paxalisib,CT,Paxalisib,CT,Paxalisib,CT,Paxalisib,CT,Paxalisib,CT,Paxalisib,CT,Paxalisib,CT,Paxalisib,CT,Paxalisib,CT,Paxalisib,CT,Paxalisib,CT,Paxalisib,CT,Paxalisib,CT,Paxalisib,CT,Paxalisib,CT,Paxalisib,CT,Paxalisib,CT,Paxalisib,CT,Paxalisib,CT,Paxalisib,CT,Paxalisib,CT,Paxalisib
,,,,,,Comment 3,NA,15m5uMBrig,15m5uMSitr,15m5uMNera,NA,15m5uMBrig,15m5uMSitr,15m5uMNera,NA,15m5uMBrig,15m5uMSitr,15m5uMNera,NA,15m5uMBrig,15m5uMSitr,15m5uMNera,NA,15m5uMBrig,15m5uMSitr,15m5uMNera,NA,15m5uMBrig,15m5uMSitr,15m5uMNera,NA,15m5uMBrig,15m5uMSitr,15m5uMNera,NA,15m5uMBrig,15m5uMSitr,15m5uMNera,NA,15m5uMBrig,15m5uMSitr,15m5uMNera,NA,15m5uMBrig,15m5uMSitr,15m5uMNera,NA,15m5uMBrig,15m5uMSitr,15m5uMNera,NA,15m5uMBrig,15m5uMSitr,15m5uMNera,NA,15m5uMBrig,15m5uMSitr,15m5uMNera,NA,15m5uMBrig,15m5uMSitr,15m5uMNera,NA,15m5uMBrig,15m5uMSitr,15m5uMNera,NA,15m5uMBrig,15m5uMSitr,15m5uMNera,NA,15m5uMBrig,15m5uMSitr,15m5uMNera,NA,15m5uMBrig,15m5uMSitr,15m5uMNera,NA,15m5uMBrig,15m5uMSitr,15m5uMNera,NA,15m5uMBrig,15m5uMSitr,15m5uMNera,NA,15m5uMBrig,15m5uMSitr,15m5uMNera,NA,15m100nmPaxa,15m1uMPaxa,15m5uMPaxa,NA,15m100nmPaxa,NA,15m100nmPaxa,NA,15m100nmPaxa,NA,15m100nmPaxa,NA,15m100nmPaxa,NA,15m100nmPaxa,NA,15m1uMPaxa,NA,15m1uMPaxa,NA,15m1uMPaxa,NA,15m1uMPaxa,NA,15m1uMPaxa,NA,15m1uMPaxa,NA,15m1uMPaxa,NA,15m1uMPaxa,NA,15m1uMPaxa,NA,15m1uMPaxa,NA,15m1uMPaxa,NA,15m1uMPaxa,NA,15m1uMPaxa,NA,15m1uMPaxa,NA,15m1uMPaxa,NA,15m1uMPaxa
,,,,,,Comment 5,Validation,Validation possible 7.7uM,Validation possible 7.7uM,Validation possible 7.7uM,Validation,Validation possible 7.7uM,Validation possible 7.7uM,Validation possible 7.7uM,Validation,Validation possible 7.7uM,Validation possible 7.7uM,Validation possible 7.7uM,Validation,Validation,Validation,Validation,Validation,Validation,Validation,Validation,Validation,Validation,Validation,Validation,NA,NA,NA,NA,NA,NA,NA,NA,NA,NA,NA,NA,NA,NA,NA,NA,NA,NA,NA,NA,NA,NA,NA,NA,NA,NA,NA,NA,NA,NA,NA,NA,NA,NA,NA,NA,NA,NA,NA,NA,NA,NA,NA,NA,NA,NA,NA,NA,NA,NA,NA,NA,NA,NA,NA,NA,NA,NA,NA,NA,NA,NA,NA,NA,NA,NA,NA,NA,NA,NA,NA,NA,NA,NA,NA,NA,NA,NA,NA,NA,NA,NA,NA,NA,NA,NA,NA,NA,NA,NA,NA,NA,NA,NA,NA,NA,NA,NA,NA,NA,NA,NA,NA,NA,BAD KINETIC CURVE,BAD KINETIC CURVE,BAD KINETIC CURVE,BAD KINETIC CURVE
,,,,,,CubeID,B89308552BF0,B89308552BF0,B89308552BF0,B89308552BF0,B89308552BF0,B89308552BF0,B89308552BF0,B89308552BF0,B89308552BF0,B89308552BF0,B89308552BF0,B89308552BF0,CA42311FB4D5,CA42311FB4D5,CA42311FB4D5,CA42311FB4D5,CA42311FB4D5,CA42311FB4D5,CA42311FB4D5,CA42311FB4D5,CA42311FB4D5,CA42311FB4D5,CA42311FB4D5,CA42311FB4D5,83053DD5A54A,83053DD5A54A,83053DD5A54A,83053DD5A54A,E708F6FC827A,E708F6FC827A,E708F6FC827A,E708F6FC827A,E708F6FC827A,E708F6FC827A,E708F6FC827A,E708F6FC827A,E708F6FC827A,E708F6FC827A,E708F6FC827A,E708F6FC827A,0A4F82F981D6,0A4F82F981D6,0A4F82F981D6,0A4F82F981D6,0A4F82F981D6,0A4F82F981D6,0A4F82F981D6,0A4F82F981D6,0A4F82F981D6,0A4F82F981D6,0A4F82F981D6,0A4F82F981D6,685B8C00468C,685B8C00468C,685B8C00468C,685B8C00468C,685B8C00468C,685B8C00468C,685B8C00468C,685B8C00468C,685B8C00468C,685B8C00468C,685B8C00468C,685B8C00468C,FC3DCD09D781,FC3DCD09D781,FC3DCD09D781,FC3DCD09D781,FC3DCD09D781,FC3DCD09D781,FC3DCD09D781,FC3DCD09D781,FC3DCD09D781,FC3DCD09D781,FC3DCD09D781,FC3DCD09D781,83053DD5A54A,83053DD5A54A,83053DD5A54A,83053DD5A54A,83053DD5A54A,83053DD5A54A,83053DD5A54A,83053DD5A54A,B0A3F22E46E3,B0A3F22E46E3,B0A3F22E46E3,B0A3F22E46E3,34F226145C44,34F226145C44,34F226145C44,34F226145C44,34F226145C44,34F226145C44,34F226145C44,34F226145C44,34F226145C44,34F226145C44,34F226145C44,34F226145C44,4CFA7A3C5712,4CFA7A3C5712,4CFA7A3C5712,4CFA7A3C5712,4CFA7A3C5712,4CFA7A3C5712,4CFA7A3C5712,4CFA7A3C5712,4CFA7A3C5712,4CFA7A3C5712,4CFA7A3C5712,4CFA7A3C5712,FBD576F93263,FBD576F93263,FBD576F93263,FBD576F93263,FBD576F93263,FBD576F93263,FBD576F93263,FBD576F93263,72CE07863A2B,72CE07863A2B,72CE07863A2B,72CE07863A2B,72CE07863A2B,72CE07863A2B,72CE07863A2B,72CE07863A2B,72CE07863A2B,72CE07863A2B,72CE07863A2B,72CE07863A2B
ID,Sequence,UniprotAccession,Tyr,Ser,Thr,,,,,,,,,,,,,,,,,,,,,,,,,,,,,,,,,,,,,,,,,,,,,,,,,,,,,,,,,,,,,,,,,,,,,,,,,,,,,,,,,,,,,,,,,,,,,,,,,,,,,,,,,,,,,,,,,,,,,,,,,,,,,,,,,,,,,
41_654_666,LDGENIYIRHSNL,P11171,[660],NA,NA,,6.915033817,5.654163361,4.955951214,6.415462971,7.357386112,6.050567627,5.036121845,6.229544163,7.424839497,6.95507431,6.190197468,6.986754417,4.320566654,3.72740674,3.421826839,4.680409431,4.853280067,4.180472374,2.87199235,4.5758605,3.735603809,3.31099844,3.305502415,3.277704239,5.602436066,5.126168728,4.653622627,5.304125309,6.352897167,5.500898361,4.511678219,6.02320528,6.305846691,4.630730629,4.796621323,5.24505949,5.178970337,4.521193027,3.092258453,4.574718475,7.039229393,6.278405666,4.650374413,6.544417858,5.374711514,4.205770493,3.687821388,4.906890869,4.596260071,3.864536524,2.380604029,3.905074835,5.647119045,5.077823639,4.985466003,5.261474133,5.046866894,4.063242435,3.280508041,4.368794918,5.91728735,5.050978184,4.117569447,5.356223583,6.99595356,5.636761665,6.15625,5.973819256,5.436357975,4.581555843,3.459431648,4.607470036,8.49826622,7.651186943,6.335811615,7.971109867,5.704099178,4.829543114,3.524744987,5.036951065,7.09126091,6.002124786,5.153193474,6.762679577,NA,NA,NA,NA,NA,NA,NA,NA,NA,NA,NA,NA,NA,NA,NA,NA,NA,NA,NA,NA,NA,NA,NA,NA,NA,NA,NA,NA,NA,NA,NA,NA,NA,NA,NA,NA,NA,NA,NA,NA,NA,NA,NA,NA,NA,NA,NA,NA
ANXA1_14_26,IENEEQEYVQTVK,P04083,[21],NA,NA,,5.754887581,4.581555843,3.524744987,4.726378918,6.231357098,4.738666058,3.631829023,5.01017189,6.583260059,4.968177795,4.952439308,6.275246143,4.281908035,3.928504467,3.687821388,4.681470394,4.793680191,4.383214951,3.508093834,4.444507122,3.828585625,2.897788286,3.338168621,3.510484219,6.299985409,5.647662163,5.132390499,6.080239296,6.919763088,5.618039131,5.103386879,6.373398781,6.565263748,4.927610397,4.988899231,5.712429523,5.111283302,4.398784161,3.706707716,4.859857082,6.780369759,5.697295189,4.999148846,6.105365276,6.166897297,4.909610271,4.186464787,5.492457867,5.908250809,4.749837875,4.496081352,5.371427536,6.00297451,5.216059685,4.946271896,5.562674522,4.737646103,4.430689335,3.488825321,4.3845191,5.981594086,4.755895615,4.232081413,5.193920612,6.657672405,5.642766953,4.973385811,4.708791256,5.366157055,4.326005459,3.926715612,4.240746498,7.494119644,6.655243874,5.920886517,7.158157349,6.162724018,5.290279865,5.163863182,5.42246151,7.440438271,6.395554543,5.564976215,7.027175903,NA,NA,NA,NA,NA,NA,NA,NA,NA,NA,NA,NA,NA,NA,NA,NA,NA,NA,NA,NA,NA,NA,NA,NA,NA,NA,NA,NA,NA,NA,NA,NA,NA,NA,NA,NA,NA,NA,NA,NA,NA,NA,NA,NA,NA,NA,NA,NA
ARAF_297_307,RDSGYYWEVPP,P10398,"[301, 302]",NA,NA,,4.982025146,4.331423759,3.855162382,4.204294205,5.712429523,4.616375446,3.104969501,4.286099911,5.849508286,4.706707954,4.504500389,5.328717232,3.151662827,3.406505823,3.773916721,3.294447422,3.559792042,3.687821388,3.234975576,3.030302763,2.87199235,3.101802349,2.982886076,2.783832073,4.850452423,4.459431648,3.741721392,4.598508835,5.43132019,4.214593887,3.429426432,4.596260071,5.336822033,4.352897167,3.534174442,4.082651138,3.845726728,3.672959089,3.040263891,3.529467344,4.880334377,4.016913414,3.299985409,4.5758605,4.706707954,3.421826839,3.283306599,4.217523575,4.291670322,3.474203348,3.367476463,4.079434395,4.698344231,4.006789207,3.924924374,4.323288441,4.130060673,3.555167913,2.975983143,3.229181528,4.469295979,3.512870789,3.340857744,4.184968948,5.27419138,4.521193027,3.362191916,4.338168621,4.518820286,3.552850246,2.735603809,3.459431648,6.089462757,5.445756912,4.465604782,5.758914471,4.768933296,4.150130272,3.3779881,3.998297691,5.620807648,4.951559544,3.72740674,5.518226147,NA,NA,NA,NA,NA,NA,NA,NA,NA,NA,NA,NA,NA,NA,NA,NA,NA,NA,NA,NA,NA,NA,NA,NA,NA,NA,NA,NA,NA,NA,NA,NA,NA,NA,NA,NA,NA,NA,NA,NA,NA,NA,NA,NA,NA,NA,NA,NA
BTLA_252_262,KPGIVYASLNH,Q7Z6A9,[257],NA,NA,,4,3,1.500898242,2.629631519,4.981163502,3.396200895,2.343541861,3.609701395,4.444507122,3.668684483,3.340857744,3.704621315,0.249359429,0,0,0,0,0,0,0,0,0,0,0,4.608585835,3.757908821,2.783832073,4.288887978,4.962077618,3.512870789,2.905074835,3.79171586,4.018593788,3.454473972,2.799556732,3.398783922,2.651457787,2.327362061,0,2.243623018,4.660096645,3.747812986,1.42182672,4.443256378,4.013546467,1.237863898,1.451988697,3.085860729,3.079434395,1.739685059,0.647118986,2.226275682,3.710871458,1.993178725,1.557481647,2.875705957,2.779874086,2.154722691,1.42182672,2.451988697,3.955074072,2.130060434,1.915935755,3.332775593,5.406505585,4.566700459,3.914131165,5.056714535,4.391020298,3.666542292,2.316473722,3.154722691,6.487915993,5.920886517,4.78284359,6.175584793,3.892299414,3.319203615,2.07297945,3.500898361,4.989756107,3.912324429,3.411630869,5.008481503,NA,NA,NA,NA,NA,NA,NA,NA,NA,NA,NA,NA,NA,NA,NA,NA,NA,NA,NA,NA,NA,NA,NA,NA,NA,NA,NA,NA,NA,NA,NA,NA,NA,NA,NA,NA,NA,NA,NA,NA,NA,NA,NA,NA,NA,NA,NA,NA
CBL_693_705,EGEEDTEYMTPSS,P22681,[700],NA,NA,,4.171436787,3.142444372,2.841935158,3.524744987,5.767934799,4.069740772,2.538866043,4.05507803,6.315106869,4.531822681,3.986325026,5.715541363,2.915935755,3.700439692,3.712948799,3.237864017,4.028635979,3.607469797,3.527108192,3.414186716,3.302746773,2.890465021,3.196892023,2.822826385,5.56612587,5.262892723,4.480313778,5.461904049,5.257921696,3.277704239,2.755895376,4.220446587,5.638401985,3.729460478,3.3936131,4.556325436,2.580418587,2.321928024,1.305502534,3.223364353,5.474203587,4.894131184,3.981163502,5.402650356,5.193920612,2.822826385,1.979438663,4.103386879,4.394907475,2.875705957,2.442004681,4.24505949,5.563250065,5.041917324,4.304125309,5.099422455,2.747812986,2.013546467,0.7150231,1.871992469,3.510484219,2.607469797,1.886789441,3.476650715,5.120702744,4.316473484,3.226275682,2.767934561,4.776898384,3.890465021,2.951559782,3.451988697,6.544709206,5.657941818,4.617485046,6.277353287,6.144369602,5.526517868,4.511678219,5.38517046,6.153193474,5.482141972,3.9320755,5.901891708,NA,NA,NA,NA,NA,NA,NA,NA,NA,NA,NA,NA,NA,NA,NA,NA,NA,NA,NA,NA,NA,NA,NA,NA,NA,NA,NA,NA,NA,NA,NA,NA,NA,NA,NA,NA,NA,NA,NA,NA,NA,NA,NA,NA,NA,NA,NA,NA
CD3E_182_194,PVPNPDYEPIRKG,P07766,[188],NA,NA,,6.725092888,5.288191319,4.860794067,6.235698223,7.691513062,6.166139126,5.242185593,6.560080528,7.971218109,7.025923252,6.3845191,7.185717106,4.050156593,0.611929595,2.826668262,4.510484219,4.654703617,3.534174442,2.710871458,4.649290085,3.40907073,2.294447422,2.447005272,2.79171586,6.863368034,6.106155396,5.115215302,6.342535973,7.35323,6.15242815,5.364175797,6.644128323,7.067713261,5.125389099,4.716059208,6.121093273,5.873385906,5.3845191,4.025296211,5.366816998,7.368959427,6.422778606,4.652540684,6.693881512,6.463755608,4.512870789,4.387123108,5.736625195,5.722775459,4.566700459,4.214593887,4.910515308,6.166897297,5.050978184,4.811238289,5.538866043,5.867337227,4.989756107,3.855162382,5.295834064,6.490036964,5.409070492,4.572432041,5.745277882,7.359210968,5.950239182,5.550529003,6.193920612,5.804922581,4.777891159,3.834321976,5.104969501,8.51517868,7.719291687,6.482750893,8.257743835,6.269611835,4.705664635,4.522377968,5.69203949,7.967634201,6.919763088,5.803948402,7.45649004,NA,NA,NA,NA,NA,NA,NA,NA,NA,NA,NA,NA,NA,NA,NA,NA,NA,NA,NA,NA,NA,NA,NA,NA,NA,NA,NA,NA,NA,NA,NA,NA,NA,NA,NA,NA,NA,NA,NA,NA,NA,NA,NA,NA,NA,NA,NA,NA
CD3E_193_205,KGQRDLYSGLNQR,P07766,[199],NA,NA,,4.2522192,2.962077618,2.505699158,3.733558893,5.192432404,4.154722691,3.319203615,4.208717346,5.626879692,4.503300667,4.193920612,4.492457867,0,0,0,0,0,0,0,0,0,0,0,0,4.237864017,3.411630869,2.743754625,3.832412481,4.719162941,3.793679953,3.181972742,3.745785236,4.568995953,3.689932108,2.723290682,4.174454689,2.834321976,2.580418587,1.584962487,2.098628044,4.670823097,3.888628244,2.471751928,3.965566397,4.77092886,3.99146843,3.172946453,3.870132208,3.877559185,2.841935158,2.543542624,1.638401747,3.447005272,1.647119045,1.202816844,2.818974018,3.367476463,2.723290682,0.538866103,2.826668262,3.994887114,3.421826839,2.277704239,3.321928024,5.184968948,3.675091505,3.476650715,4.257921696,3.915935755,3.040263891,1.849508405,2.930290937,6.313054085,5.555167675,4.165380955,5.777891159,3.566700459,2.830500364,2.020272493,3.059982061,5.356887817,4.351564407,3.426897526,4.78185463,NA,NA,NA,NA,NA,NA,NA,NA,NA,NA,NA,NA,NA,NA,NA,NA,NA,NA,NA,NA,NA,NA,NA,NA,NA,NA,NA,NA,NA,NA,NA,NA,NA,NA,NA,NA,NA,NA,NA,NA,NA,NA,NA,NA,NA,NA,NA,NA
CD3Z_105_117,NPQEGLYNELQKD,P20963,[111],NA,NA,,7.154340744,5.47603941,4.955951214,6.602996349,7.551399708,6.062020779,4.941850662,6.356887817,7.987827301,6.706186295,6.491853237,7.237142086,4.468066692,3.915935755,3.763932705,4.811238289,4.908704281,4.221906185,3.283306599,4.594007492,4.306878567,3.343541861,3.642766953,3.587229013,7.549221516,6.689404488,5.877095699,7.035292149,8.198931694,6.850216389,6.232081413,7.425314903,7.874198437,5.965130806,5.38060379,7.055282593,6.77838707,5.901891708,4.709831715,6.342871189,7.691249847,6.447005272,5.217523575,7.182347298,7.331086159,5.157013416,4.928504467,6.324307919,6.785313606,5.282607555,5.114429951,5.999148846,6.826668262,5.654163361,5.499094009,5.925372601,6.672158241,5.825228691,4.867337227,6.064869881,7.501499176,6.170681,5.414824963,6.863601685,8.063446045,6.680674553,6.188332081,6.637034893,6.236781597,5.158538342,4.287494659,5.473590851,8.872572899,8.233438492,7.201152802,8.812026024,6.711910248,5.506896973,4.749837875,6.121484756,8.877558708,7.843121052,6.637855053,8.443569183,NA,NA,NA,NA,NA,NA,NA,NA,NA,NA,NA,NA,NA,NA,NA,NA,NA,NA,NA,NA,NA,NA,NA,NA,NA,NA,NA,NA,NA,NA,NA,NA,NA,NA,NA,NA,NA,NA,NA,NA,NA,NA,NA,NA,NA,NA,NA,NA
CD3Z_116_128,KDKMAEAYSEIGM,P20963,[123],NA,NA,,4.497286797,3.193920374,2.857042074,3.683590412,5.350230217,3.638401747,2.461904049,3.807354927,5.683060646,3.651457787,3.193920374,5.004246712,1.841935158,2.491248131,2.31099844,2.237864017,2.771925449,2.505699158,2.208717585,1.958580017,1.993178725,1.731511235,2,1.739685059,4.734581947,3.584962606,3.196892023,4.237864017,5.286797523,3.442004681,2.930290937,4.572432041,5.058349133,2.710871458,3.056714535,4.07297945,2.993178606,2.515253544,0.42182678,2.747812986,4.591751575,2.442004681,2.046866655,4.221906185,4.418011665,0.958580077,1.026967168,3.580418587,3.836229086,0.795641601,0.538866103,2.719162703,4.205770493,3.249359369,2.416737795,3.133166313,3.272079468,2.698344231,1.647119045,2.719162703,4.084257126,2.841935158,1.795641541,3.759919643,5.195406914,4,3.351564407,3.811238289,3.12694788,2.775905132,1.380604029,1.723290682,6.225184917,5.234975338,4.283306599,5.900069237,4.015231133,1.664396882,2.660096884,3.335474491,5.803948402,4.610816002,3.741721392,5.421826839,NA,NA,NA,NA,NA,NA,NA,NA,NA,NA,NA,NA,NA,NA,NA,NA,NA,NA,NA,NA,NA,NA,NA,NA,NA,NA,NA,NA,NA,NA,NA,NA,NA,NA,NA,NA,NA,NA,NA,NA,NA,NA,NA,NA,NA,NA,NA,NA
CD3Z_117_129,DKMAEAYSEIGMK,P20963,[123],NA,NA,,5.061613083,3.181972742,2.436986446,4.419284344,5.669219494,3.948036671,2.731511116,4.464372158,5.927163124,4.018593788,4.537694454,5.418648243,2.391020536,1.723290682,2.841935158,2.886789322,2.894131184,2.811238289,1.681470513,2.006789207,2.685707569,2.496081352,2.260764122,1.993178725,5.178218365,4.406505585,3.508093834,4.637308598,5.751859665,4.358215809,3.548203945,4.809298038,5.390371799,3.416737795,2.763932705,4.651457787,4.398784161,2.698344231,1.841935158,3.249359369,5.505699158,3.761927605,2.694144249,4.979438782,4.840985775,2.845726728,0.747812927,3.958580017,4.148596287,2.277704239,1.958580017,3.348895311,4.456954956,3.436986446,3.145523787,3.712948799,4.023623466,3.098628044,2.272079468,3.483967781,5,3.178970337,2.220446825,4.101802349,5.731511116,4.342200756,3.491248131,3.759919643,3.982886076,2.406505823,2.442004681,3.255073071,6.846909523,6.004246712,4.6052351,6.406184673,4.509289265,3.496081352,3.205770254,3.914131165,6.540328979,5.250790119,4.050156593,5.9374156,NA,NA,NA,NA,NA,NA,NA,NA,NA,NA,NA,NA,NA,NA,NA,NA,NA,NA,NA,NA,NA,NA,NA,NA,NA,NA,NA,NA,NA,NA,NA,NA,NA,NA,NA,NA,NA,NA,NA,NA,NA,NA,NA,NA,NA,NA,NA,NA
CD3Z_135_147,KGHDGLYQGLSTA,P20963,[142],NA,NA,,5.118353367,3.715023041,3.316473722,4.524744987,6.098628044,4.893215656,3.634023428,4.836228848,6.414186478,5.518226147,5.05179882,5.521785736,1.841935158,0.594007671,0,2.364836693,2.249359369,1.283306718,0,3.114429951,1.629631519,1.681470513,0,0.857041955,5.143214703,4.306878567,3.372741938,4.873850346,5.474815845,3.860794067,3.040263891,4.674025536,4.841935158,2.818974018,1.857041955,4.111283302,3.723290682,3.431950808,1.826668382,3.636214256,5.199857712,3.988041639,2.466836452,4.914131165,4.438242435,2.375367403,2.190942764,3.582692146,0,1.013546586,1.35954237,2.779874086,4.567848682,3.616375446,3.308253288,3.751859903,3.996593475,3.092258453,1.500898242,3.013546467,4.694144249,2.894131184,2.538866043,4.074595928,5.586096287,4.192432404,3.649290085,4.693092346,4.227729321,2.338168621,2.354228497,3.340857744,6.670823097,6.050567627,4.75387907,6.24828577,4.328717232,3.142444372,2.681470394,3.930290937,6.293059349,5.383867264,4.274894714,5.988041401,NA,NA,NA,NA,NA,NA,NA,NA,NA,NA,NA,NA,NA,NA,NA,NA,NA,NA,NA,NA,NA,NA,NA,NA,NA,NA,NA,NA,NA,NA,NA,NA,NA,NA,NA,NA,NA,NA,NA,NA,NA,NA,NA,NA,NA,NA,NA,NA
CD3Z_77_89,LGRREEYDVLDKR,P20963,[83],NA,NA,,5.261474133,5.064869881,3.552850246,4.0599823,5.282607555,4.011860371,3.474203348,4.11913681,5.398784161,4.153193474,4.273487568,5.683060646,1.763932586,0.226275772,0.795641601,1.401362658,1.915935755,1.594007611,0.857041955,1.937415361,1.723290682,1.05343926,1,1.066495419,4.977712154,4.220446587,3.16082263,4.108129978,5.321928024,4.154722691,3.383215189,4.444507122,5.068119049,3,3.826668262,4.069740772,4.223364353,1.594007611,2.841935158,3.148596525,5.445132256,3.948036671,3.600754499,4.629631519,3.662248373,2.815111399,3.527108192,4.529467583,4.016913414,2.562098265,1.755895376,3.101802349,3.981163502,3.202816963,2.598509073,3.338168621,3.649290085,2.811238289,2.830500364,3.986325026,4.723290443,3.31099844,4.186464787,4.192432404,5.709311485,4.512870789,3.036951065,4.177466393,3.996593475,2.694144249,2.391020536,3.343541861,6.674292088,5.50510025,5.373398781,6.492457867,4.606352806,3.512870789,2.826668262,4.475427628,6.116785049,4.255073071,4.377988338,5.589492321,NA,NA,NA,NA,NA,NA,NA,NA,NA,NA,NA,NA,NA,NA,NA,NA,NA,NA,NA,NA,NA,NA,NA,NA,NA,NA,NA,NA,NA,NA,NA,NA,NA,NA,NA,NA,NA,NA,NA,NA,NA,NA,NA,NA,NA,NA,NA,NA
CDK1_9_21,KIGEGTYGVVYKG,P06493,"[15, 19]",NA,NA,,8.070550919,6.308253288,5.911872387,7.242005348,8.253913879,6.60467577,5.608585835,6.879178524,8.290192604,7.067713261,6.914808273,7.485639572,4.435729027,2.951559782,2.548203945,4.740703583,5.055896282,3.864536524,2.500898361,4.795641422,3.914131165,1.965566516,1.538866043,2.486398697,6.962732315,6.029052734,5.164622307,6.505998611,7.98008585,6.870830059,6.01143837,7.549512386,7.624674797,6.121093273,5.078629017,6.767435074,6.44669342,5.609143734,4.195406914,5.707229137,7.973385811,6.760923862,5.196149826,7.16576004,7.154149532,5.319203377,4.874778271,6.255429268,6.221906185,4.912324429,4.481533051,5.493666649,6.367476463,5.136265755,4.961204052,5.665470123,6.418330193,5.532999039,3.873850346,5.350897312,7.608725548,6.198004723,5.454473972,6.705143452,8.36169529,7.277879238,6.472365379,7.707489491,6.547913074,5.228455544,4.213127136,5.738156319,9.341109276,8.524892807,7.235517502,8.984230042,6.557192802,5.108918667,3.974252224,5.757405758,8.286710739,7.159109592,5.999148846,7.85009861,NA,NA,NA,NA,NA,NA,NA,NA,NA,NA,NA,NA,NA,NA,NA,NA,NA,NA,NA,NA,NA,NA,NA,NA,NA,NA,NA,NA,NA,NA,NA,NA,NA,NA,NA,NA,NA,NA,NA,NA,NA,NA,NA,NA,NA,NA,NA,NA
CDK2_8_20,EKIGEGTYGVVYK,P24941,"[15, 19]",NA,NA,,8.378069878,6.769931316,5.993178844,7.498943329,8.7003088,7.017754078,6.078629017,7.469142914,8.543031693,7.954964638,7.269611835,8.021425247,5.204294205,3.550529003,3.779874086,5.851395607,5.902801514,4.75387907,3.640585899,5.851395607,4.659019947,3.003398418,3.079434395,3.403936386,7.290801048,6.635940552,5.84572649,6.981809616,8.570786476,7.399267673,6.40554285,8.034772873,8.334041595,6.525927067,6.123047829,7.327362061,6.952439308,6.469910622,5.038608551,6.571001053,8.57421875,7.612485886,5.938747406,8.033838272,7.685310841,5.520007133,5.405863762,6.810025692,6.925148487,5.641131401,5.031135559,6.271727085,6.94472599,5.943620682,5.763431549,6.339513779,6.834798813,6.022367954,4.775905132,6.166518688,8.03746891,6.948918343,6.12031126,7.420397282,9.045321465,7.684781551,7.030927181,8.037261963,6.873850346,5.503300667,4.864536762,6.019433498,9.980786324,9.295746803,8.145812035,9.612903595,7.260764122,5.728434086,4.713986397,6.476650715,8.857805252,7.928504467,6.734070778,8.505324364,NA,NA,NA,NA,NA,NA,NA,NA,NA,NA,NA,NA,NA,NA,NA,NA,NA,NA,NA,NA,NA,NA,NA,NA,NA,NA,NA,NA,NA,NA,NA,NA,NA,NA,NA,NA,NA,NA,NA,NA,NA,NA,NA,NA,NA,NA,NA,NA
CDK4_11_23,EIGVGAYGTVYKA,P11802,"[17, 21]",NA,NA,,6.276299953,4.556325436,3.984606504,5.326005459,6.631554604,4.77888298,3.538866043,5.121484756,6.935637474,5.238584995,5.240746498,5.829543114,2.747812986,1.647119045,1.294447422,2.841935158,3.491248131,1.747812986,1.178970218,3.367476463,2.638401747,1.763932586,1.620807648,1.638401747,5.178970337,4.145523548,3.302746773,4.750849247,6.147444725,4.680409431,3.609701395,5.513466835,5.699916363,3.81704402,2.993178606,4.749837875,4.305502415,3.223364353,2.07297945,3.403936386,6.042743683,4.538866043,2.557481766,5.094650269,5.237142086,2.841935158,3.12694788,4.527108192,4.082651138,2.845726728,2.05343914,3.505699158,4.453231812,3.208717585,2.715023041,3.799556732,4.392317295,3.148596525,1.849508405,3.117569447,5.471752167,3.56440115,3.079434395,4.723290443,6.35323,5.172946453,4.03196764,5.656863213,4.522377968,2.375367403,0.154722631,3.591751814,7.39862299,6.52681303,5.545292377,7.193920612,4.600754261,3.187958956,1.951559663,3.924924374,6.650374413,5.305502415,4.196892262,6.020691872,NA,NA,NA,NA,NA,NA,NA,NA,NA,NA,NA,NA,NA,NA,NA,NA,NA,NA,NA,NA,NA,NA,NA,NA,NA,NA,NA,NA,NA,NA,NA,NA,NA,NA,NA,NA,NA,NA,NA,NA,NA,NA,NA,NA,NA,NA,NA,NA
CTNB1_79_91,VADIDGQYAMTRA,P35222,[86],NA,NA,,4.992323875,3.364836693,3.471751928,4.375367165,5.9136796,4.31099844,3.383215189,4.273487568,6.538866043,5.42309618,4.802485943,5.902346611,3.059982061,2.681470394,2.951559782,2.775905132,3.370111704,2.706707716,2.811238289,2.787779331,2.962077618,2.875705957,2.607469797,2.951559782,4.982025146,4.439497471,3.573575735,4.627430439,4.734581947,3.252218962,3.030302763,4.237864017,4.809298038,3.474203348,2.255073071,3.919538021,3.545875311,3.163863182,1.923131227,2.908704281,5.443256378,4.171436787,2.698344231,4.838133812,4.159300327,2.598509073,2.190942764,3.308253288,2.94096446,2.426897526,0.500898302,2.908704281,4.400074005,3.672959089,3.07297945,4.077823639,3.406505823,2.557481766,1.142444253,2.208717585,4.406505585,3.436986446,2.104969501,3.769931316,5.354228497,4.388423443,3.208717585,4.111283302,4.806382656,3.237864017,2.584962606,3.710871458,6.7126894,5.840985775,4.608585835,6.095048428,4.846673012,4.108129978,3.050156593,4.172946453,6.081445694,5.175961494,3.520007133,5.737135887,NA,NA,NA,NA,NA,NA,NA,NA,NA,NA,NA,NA,NA,NA,NA,NA,NA,NA,NA,NA,NA,NA,NA,NA,NA,NA,NA,NA,NA,NA,NA,NA,NA,NA,NA,NA,NA,NA,NA,NA,NA,NA,NA,NA,NA,NA,NA,NA
EFS_246_258,GGTDEGIYDVPLL,O43281,[253],NA,NA,,11.14451122,9.244745255,8.435571671,10.18977833,10.51342964,8.745975494,7.674425602,9.437182426,10.42279243,9.815685272,9.493288994,10.10482121,7.544855118,5.588926792,5.540621281,7.945388794,8.418091774,6.855162144,5.521785736,8.218985558,6.642494202,5.096242905,4.679347515,5.771925449,10.10370827,9.331889153,7.937859535,9.733111382,10.84005165,9.716026306,8.55016613,10.41185093,10.76538181,9.132342339,8.069234848,9.907457352,9.805044174,9.223319054,7.422620296,9.369988441,10.30994797,9.439576149,7.568708897,9.779068947,10.26309204,7.967960358,7.652946472,9.304340363,10.23709679,8.480161667,8.011015892,9.357801437,9.153862953,7.978791237,7.542375088,8.670622826,9.482522964,8.625915527,7.287494659,8.937082291,10.29901314,9.330916405,8.302401543,9.82981205,10.91277409,9.510223389,8.996806145,10.25716496,8.769058228,7.591751575,6.68755722,7.99264431,11.3614378,10.70317173,9.590975761,10.97689438,9.486512184,7.966655254,6.867803097,8.729395866,11.17074394,10.29303741,8.936971664,10.82244873,NA,NA,NA,NA,NA,NA,NA,NA,NA,NA,NA,NA,NA,NA,NA,NA,NA,NA,NA,NA,NA,NA,NA,NA,NA,NA,NA,NA,NA,NA,NA,NA,NA,NA,NA,NA,NA,NA,NA,NA,NA,NA,NA,NA,NA,NA,NA,NA
ENOG_37_49,SGASTGIYEALEL,P09104,[44],NA,NA,,10.17643166,8.847855568,7.639630795,9.029573441,9.491286278,7.938525677,7.113054276,8.364506721,9.352064133,8.316046715,8.364671707,9.508317947,6.048512459,4.681470394,4.367476463,6.276299953,6.556903362,5.665470123,4.398784161,6.681205273,4.995740414,3.733558893,3.44949913,4.456954956,10.35869217,9.35368824,8.451677322,9.879294395,11.33607769,10.15899086,9.136894226,10.83702087,10.63453197,9.188798904,8.684913635,10.37688351,9.85607338,8.801265717,8.017648697,9.392195702,10.18569374,8.841638565,7.770055771,9.635837555,10.03568077,8.191501617,8.130060196,9.599737167,10.45472622,8.454319,8.247748375,9.303953171,9.318649292,8.003929138,7.748066425,8.449966431,9.725960732,9.066038132,7.915259361,9.194338799,10.63543892,9.086111069,8.778697014,10.06128216,10.95206928,9.874749184,9.207336426,10.21788883,8.459122658,7.313225269,6.546457767,7.848564148,11.29532719,10.53070641,9.855485916,11.20075703,9.158490181,7.445912838,7.045218945,8.583189011,11.30171585,10.11180019,9.30842495,11.23145199,NA,NA,NA,NA,NA,NA,NA,NA,NA,NA,NA,NA,NA,NA,NA,NA,NA,NA,NA,NA,NA,NA,NA,NA,NA,NA,NA,NA,NA,NA,NA,NA,NA,NA,NA,NA,NA,NA,NA,NA,NA,NA,NA,NA,NA,NA,NA,NA
EPHA1_774_786,LDDFDGTYETQGG,P21709,[781],NA,NA,,7.280333042,5.709831715,5.191687584,6.354228497,7.279632568,5.864069462,4.780864716,6.123828411,7.276299953,6.430373669,5.889546871,6.743754864,5.247927666,4.426897526,4.376678467,5.557481766,6.026967049,5.034461498,4.267846584,5.72586441,4.865470409,4.114429951,3.986325026,4.236420155,6.738156319,5.946271896,5.376022816,6.499394417,8.001275063,6.615265369,5.832890034,7.404418468,7.833844662,5.669754028,5.113644123,6.689140797,6.451988697,5.613598347,4.351564407,6.009326935,8.166518211,7.142058849,5.809783459,7.747686386,6.993392467,4.542375088,4.270669937,5.9136796,6.378315449,4.833367348,4.524744987,5.846199989,6.55343008,5.626328945,5.407788754,5.957704544,6.007635593,5.248643875,4.265017986,5.520007133,7.113054276,5.842884064,4.963822842,6.506597519,7.99146843,6.637581825,6.315790176,6.323967934,5.768434048,4.557481766,4.190942764,4.962077618,8.965403557,8.272431374,7.24810648,8.673492432,6.673492432,5.334125519,4.6052351,5.923579693,8.197541237,7.267846584,6.110889435,7.908930779,NA,NA,NA,NA,NA,NA,NA,NA,NA,NA,NA,NA,NA,NA,NA,NA,NA,NA,NA,NA,NA,NA,NA,NA,NA,NA,NA,NA,NA,NA,NA,NA,NA,NA,NA,NA,NA,NA,NA,NA,NA,NA,NA,NA,NA,NA,NA,NA
EPHA2_765_777,EDDPEATYTTSGG,P29317,[772],NA,NA,,8.313396454,6.385821819,5.957704544,7.334125519,8.295660973,6.491853237,5.496684074,6.923803806,8.632789612,7.536082268,6.940078259,8.175961494,5.86687088,4.834321976,4.491248131,5.713986397,6.687028885,5.396847248,4.201337814,6.186838627,5.204294205,4.259343624,4.147060871,4.798578739,7.804557323,7.031135559,6.124218941,7.349061966,8.488370895,7.038608551,6.190942764,7.715929508,8.447628975,6.358547688,5.448875904,7.392641544,6.906209946,6.118353367,4.844779968,6.601595879,8.810692787,7.774289608,6.352231026,8.271463394,7.713078499,5.448252678,4.799556732,6.475121498,6.858450413,5.378642559,5.157013416,6.306190491,7.263424397,6.238584995,5.688349247,6.628806591,6.559214592,5.631829262,4.430689335,5.890006065,7.769681931,6.503900528,5.539451599,7.114037037,8.675024986,7.525188446,6.909383774,7.284878731,6.928504467,5.721744061,4.628531456,5.978575706,9.556397438,8.850039482,7.792329788,9.493402481,7.770180702,6.484879971,5.772423744,6.810753822,9.037935257,8.02404213,6.770430088,8.681271553,NA,NA,NA,NA,NA,NA,NA,NA,NA,NA,NA,NA,NA,NA,NA,NA,NA,NA,NA,NA,NA,NA,NA,NA,NA,NA,NA,NA,NA,NA,NA,NA,NA,NA,NA,NA,NA,NA,NA,NA,NA,NA,NA,NA,NA,NA,NA,NA
EPHA7_607_619,TYIDPETYEDPNR,Q15375,"[608, 614]",NA,NA,,6.659019947,4.954196453,4.3845191,6.093853474,7.188332081,5.32532692,4.451988697,5.693092346,7.814748764,6.575574875,5.989327431,7.387773514,4.628531456,4.134716988,4.025296211,4.840035439,5.240746498,4.619700909,3.914131165,4.688877106,4.366157055,3.789749146,4.12850523,4.393612862,6.886789322,6.057123184,5.192432404,6.517929554,7.245597363,5.898244858,5.24505949,6.490643024,7.241825581,5.322608471,4.38060379,6.043981552,5.730485916,4.906890869,3.733558893,5.2522192,7.44278717,6.331086159,4.734581947,6.626604557,6.674292088,4.805409431,3.568995714,5.349563122,5.706707954,4.425631523,3.799556732,5.242904186,6.232443333,5.471752167,4.865470409,5.743246555,5.630181313,4.704621315,3.370111704,4.543542385,6.471445084,5.078629017,4.15625,5.710871696,7.279106617,6.14475441,5.269258976,5.414824963,5.916386604,4.5758605,3.277704239,4.857981205,8.309454918,7.385984421,6.132778645,7.931518078,6.620531082,5.450744629,4.407788754,5.715023041,8.128991127,6.967960358,5.530056477,7.656998158,NA,NA,NA,NA,NA,NA,NA,NA,NA,NA,NA,NA,NA,NA,NA,NA,NA,NA,NA,NA,NA,NA,NA,NA,NA,NA,NA,NA,NA,NA,NA,NA,NA,NA,NA,NA,NA,NA,NA,NA,NA,NA,NA,NA,NA,NA,NA,NA
EPHB1_771_783,DDTSDPTYTSSLG,P54762,[778],NA,NA,,7.000212669,5.269258976,4.653622627,6.435729027,7.525779247,5.59738493,4.687821388,6.049335003,8.203278542,6.408430099,6.243263721,7.587087631,4.503300667,3.708791256,3.853280067,4.383214951,5.53064537,4.444507122,3.735603809,4.896874905,4.259343624,3.529467344,3.557481766,3.851395369,6.852809429,5.884026527,5.132390499,6.355558872,7.224638939,5.78284359,5.027801514,6.649832249,7.250968933,4.92402792,4.273487568,6.112463951,5.666006088,4.843832016,3.647119045,5.108918667,7.560080528,6.366487026,4.817043781,6.744262695,6.597947121,4.142444134,3.847618818,5.305502415,5.434470654,4.267846584,3.892299414,5.05507803,6.119919777,5.140902042,4.833367348,5.590622425,5.433211327,4.488825321,3.196892023,4.628531456,6.409711361,5.138585567,4.297219276,5.793189049,7.635803699,6.504500389,5.473590851,5.884487152,5.804922581,4.234975338,3.483967781,4.744770527,8.616999626,7.656998158,6.549948215,8.236149788,6.547622204,5.003398418,4.536521912,5.540621281,8.035084724,6.892070293,5.616930485,7.565694809,NA,NA,NA,NA,NA,NA,NA,NA,NA,NA,NA,NA,NA,NA,NA,NA,NA,NA,NA,NA,NA,NA,NA,NA,NA,NA,NA,NA,NA,NA,NA,NA,NA,NA,NA,NA,NA,NA,NA,NA,NA,NA,NA,NA,NA,NA,NA,NA
EPOR_361_373,SEHAQDTYLVLDK,P19235,[368],NA,NA,,6.839560509,5.499695778,4.881258488,6.187959194,7.567131042,5.740194321,4.679347515,5.961640835,7.973819256,6.239305973,5.904166222,7.32532692,4.05179882,3.003398418,3.063242435,4.649290085,4.884026527,3.875705957,3.214594126,4.375367165,3.81704402,2.426897526,2.647119045,3.269258976,7.034669399,6.142829418,5.275597572,6.480009079,7.873618126,6.421826839,5.615265369,7.270669937,7.668550491,5.851866722,4.924924374,6.777394772,5.732023716,5.503900528,4.312369347,5.604115963,7.434942722,6.385821819,4.867337227,6.814627647,6.948698044,4.931183338,4.663322926,6.006365776,6.348227024,4.855162144,4.442004681,5.56727457,6.507794857,5.235698223,4.803461075,5.773916721,5.983746529,5.120702744,4.11913681,5.349563122,6.799800873,5.842409611,4.968177795,6.441064835,7.868735313,6.67801857,5.551109791,6.232443333,6.065682888,5.041090965,3.474203348,5.113644123,8.889948845,7.856454849,6.886329174,8.576786995,6.649018764,5.236420155,4.247927666,5.669219494,8.066698074,7.112660885,5.849508286,7.823907852,NA,NA,NA,NA,NA,NA,NA,NA,NA,NA,NA,NA,NA,NA,NA,NA,NA,NA,NA,NA,NA,NA,NA,NA,NA,NA,NA,NA,NA,NA,NA,NA,NA,NA,NA,NA,NA,NA,NA,NA,NA,NA,NA,NA,NA,NA,NA,NA
EPOR_419_431,ASAASFEYTILDP,P19235,[426],NA,NA,,5.400718212,3.545875311,3.257921457,4.906890869,5.613598347,4.098628044,3.362191916,4.567848682,5.910967827,4.676156521,4.418011665,4.758914471,3.520007133,3.234975576,3.272079468,3.297219038,4.074595928,3.719162703,2.915935755,3.895961046,3.181972742,2.841935158,3.148596525,2.965566397,5.461286545,4.581555843,3.773916721,4.730485916,6.738666058,5.122266293,4.428162575,5.965566635,6.701224804,4.482750893,3.698344231,5.651999474,5.127726555,4.387123108,2.767934561,4.6052351,6.20798111,4.919538021,3.406505823,5.421826839,5.699392319,2.982886076,3.578141212,4.841935158,5.092258453,3.299985409,2.822826385,4.08104372,4.716059208,3.767934561,3.466836452,4.169925213,4.848564148,3.926715612,2.787779331,4.240746498,6.012703419,4.718129158,3.862666607,5.184220314,6.351231098,4.799556732,4.497286797,5.097833157,4.312369347,2.955074072,1.689932108,3.398783922,7.097038269,6.213127136,5.221176624,7.049335003,4.814144135,3.864536524,3.491248131,4.040263653,6.847146034,5.591187,4.24505949,6.299985409,NA,NA,NA,NA,NA,NA,NA,NA,NA,NA,NA,NA,NA,NA,NA,NA,NA,NA,NA,NA,NA,NA,NA,NA,NA,NA,NA,NA,NA,NA,NA,NA,NA,NA,NA,NA,NA,NA,NA,NA,NA,NA,NA,NA,NA,NA,NA,NA
ERBB2_1241_1253,PTAENPEYLGLDV,P04626,[1248],NA,NA,,5.230632305,3.286099911,3.989755869,4.624123096,5.472978115,4.532999039,3.657941818,4.679347515,6.093853474,4.982885838,5.073787689,5.295140743,3.894131184,3.939191103,4.11913681,3.380604029,4.234975338,4.12694788,3.866404295,3.609701395,3.820901394,3.524744987,3.715023041,3.9320755,5.596260071,5.077017307,4.498491764,5.399428844,5.472365379,4.509289265,3.767934561,4.907797813,5.544126034,4.180472374,3.187958956,4.444507122,4.391020298,3.826668262,3.243623018,4.097038269,5.90643692,5.072170734,4.186464787,5.287494659,5.265725613,3.906890631,2.59400773,4.077823639,3.562098265,2.868269444,2.783832073,3.568995714,5.306190491,5.055896282,4.465604782,5.058349133,4.181972504,3.651457787,2.31099844,3.424364328,4.959455013,3.683590412,3.104969501,4.567848682,5.938303471,4.95507431,4.220446587,4.189451694,5.023623466,3.773916721,3.252218962,4.207244873,6.795396328,6.021948814,5.085860729,6.594571114,5.78234911,5.057531834,4.293059349,4.905982971,6.769931316,5.965566635,4.771925449,6.309283257,NA,NA,NA,NA,NA,NA,NA,NA,NA,NA,NA,NA,NA,NA,NA,NA,NA,NA,NA,NA,NA,NA,NA,NA,NA,NA,NA,NA,NA,NA,NA,NA,NA,NA,NA,NA,NA,NA,NA,NA,NA,NA,NA,NA,NA,NA,NA,NA
ERBB2_870_882,LDIDETEYHADGG,P04626,[877],NA,NA,,5.140902042,4.214593887,3.838133574,4.520007133,5.766435146,4.388423443,3.269258976,4.320566654,6.138199329,4.453231812,4.410351276,5.671891689,4.074595928,4.338168621,4.443256378,4.137812614,4.745785236,4.56440115,4.224820614,4.125389099,4.093853474,3.609701395,3.858919382,3.832412481,5.642766953,5.094650269,4.450744629,5.143214703,5.688349247,4.120702744,3.906890631,5.104969501,5.568995953,3.955074072,3.591751814,4.665470123,4.143984795,3.602996349,3.026967049,4.207244873,5.917737961,5.200597763,4.675091743,5.442630768,5.118353367,3.620807648,2.364836693,3.946271896,3.787779331,2.996593475,3.35954237,4.450744629,5.59738493,4.979438782,4.660096645,4.96643734,4.195406914,3.461904049,2.710871458,3.401362658,4.672958851,3.631829023,3.40907073,4.187959194,5.672958851,4.853280067,3.614154339,3.520007133,4.529467583,3.338168621,2.401362658,3.34622097,6.665738106,5.933857441,4.92402792,6.422143936,5.968177795,5.145523548,4.655783653,5.009326935,6.335137367,5.70043993,4.667613983,6.016072273,NA,NA,NA,NA,NA,NA,NA,NA,NA,NA,NA,NA,NA,NA,NA,NA,NA,NA,NA,NA,NA,NA,NA,NA,NA,NA,NA,NA,NA,NA,NA,NA,NA,NA,NA,NA,NA,NA,NA,NA,NA,NA,NA,NA,NA,NA,NA,NA
FAK2_572_584,RYIEDEDYYKASV,Q14289,"[573, 579, 580]",NA,NA,,6.233529091,4.746799469,4.343542099,5.433841228,6.777146816,5.252933025,4.426897526,5.426264763,7.19299078,6.34655571,5.896874905,6.418330193,4.223364353,3.664397001,3.903256655,4.453231812,4.807354927,4.205770493,3.875705957,4.6052351,4.122266293,3.651457787,3.866404295,3.805409431,6.282957554,5.707229137,4.894131184,6.068524837,7.120898247,5.888628483,5.334125519,6.545583725,6.986968994,5.114429951,5.284005642,6.127726555,5.570714951,4.877559185,3.81704402,5.097038269,6.645760536,5.805409431,4.565551281,6.149363518,6.686235905,5.055896282,4.592880249,5.821864128,6.022367954,4.889546871,4.68993187,5.182722092,5.727920532,4.855162144,4.794661045,5.18721199,5.559792042,4.596260071,3.903256655,4.657941818,6.175584793,4.934747696,4.430689335,5.728947163,6.663860321,5.281908035,5.549366951,6.169547081,5.614709854,4.351564407,4.117569447,4.998297691,7.724449635,6.762679577,5.940964699,7.499394417,6.609143734,5.222635269,5.628531456,5.713467598,7.440908432,6.393612862,5.43887043,7.108918667,NA,NA,NA,NA,NA,NA,NA,NA,NA,NA,NA,NA,NA,NA,NA,NA,NA,NA,NA,NA,NA,NA,NA,NA,NA,NA,NA,NA,NA,NA,NA,NA,NA,NA,NA,NA,NA,NA,NA,NA,NA,NA,NA,NA,NA,NA,NA,NA
FER_707_719,RQEDGGVYSSSGL,P16591,[714],NA,NA,,6.853515625,5.217523575,4.662248611,5.932966709,7.402971745,5.737135887,4.68993187,6.046866894,7.813539028,6.742992401,6.043981552,7.073989868,4.148596287,3.426897526,3.223364353,4.421826839,4.818009377,4.003398418,2.849508286,4.582692146,3.824748516,3.003398418,2.822826385,3.266433001,6.697295189,5.886789322,4.927610397,6.24505949,7.362688541,6.206876278,5.269258976,6.6946702,7.331593037,5.475427628,4.661172867,6.32634449,5.900069237,5.341529369,3.958580017,5.600193501,7.252933025,6.313396454,4.580418587,6.755643368,6.692829132,4.674025536,4.205770493,5.690459251,5.822345257,4.550529003,4.111283302,5.070551395,6.057940483,5.105760098,4.613042355,5.349563122,5.832890034,4.981163502,3.640585899,4.96904707,6.839797974,5.878947258,4.570142269,6.272079468,7.496834755,6.253290176,5.864069462,6.610816002,6.164622307,4.787779331,3.975983143,5.101009369,8.580347061,7.625226498,6.40554285,8.222817421,6.433526516,4.982025146,4.273487568,5.534761906,7.988577366,6.843832016,5.728947163,7.683325768,NA,NA,NA,NA,NA,NA,NA,NA,NA,NA,NA,NA,NA,NA,NA,NA,NA,NA,NA,NA,NA,NA,NA,NA,NA,NA,NA,NA,NA,NA,NA,NA,NA,NA,NA,NA,NA,NA,NA,NA,NA,NA,NA,NA,NA,NA,NA,NA
FES_706_718,REEADGVYAASGG,P07332,[713],NA,NA,,7.865587234,6.12850523,5.759919643,7.26484108,8.336148262,6.474203587,5.407147408,6.894588947,8.610607147,7.479551315,6.940299511,7.914695263,5.224092484,4.143984795,3.862666607,5.634571552,5.948036671,4.746799469,3.96904707,5.555167675,4.706707954,3.870132208,3.862666607,3.9320755,7.71411562,6.841460705,5.910515308,7.244162083,8.347475052,7.066495419,6.171436787,7.750217438,8.293059349,6.324647903,5.397492886,7.351064205,6.946051121,6.283306599,4.763932705,6.585246086,8.424839973,7.312540531,5.690459251,7.777270794,7.767435074,5.501499176,5.004246712,6.629906178,6.881950855,5.407788754,4.878484726,6.166897297,6.918413162,5.85751152,5.446381092,6.37438345,6.741466999,5.792207241,4.531822681,5.877095699,7.827627182,6.850924015,5.628531456,7.200782776,8.492609024,7.317839146,6.806382656,7.336990833,6.780121803,5.391669273,4.469295979,5.827147961,9.47102356,8.629562378,7.360536575,9.267360687,7.321757793,5.903711319,5.186464787,6.407147408,9.069791794,7.968177795,6.683855534,8.719808578,NA,NA,NA,NA,NA,NA,NA,NA,NA,NA,NA,NA,NA,NA,NA,NA,NA,NA,NA,NA,NA,NA,NA,NA,NA,NA,NA,NA,NA,NA,NA,NA,NA,NA,NA,NA,NA,NA,NA,NA,NA,NA,NA,NA,NA,NA,NA,NA
FGFR2_762_774,TLTTNEEYLDLSQ,P21802,[769],NA,NA,,4.72019577,3.434470892,3.414186716,4.301366806,5.416737556,4.377988338,3.618593216,4.517632008,5.803461075,4.933857441,5.079434395,4.985466003,3.578141212,3.330071211,3.559792042,3.681470394,3.818974018,3.824748516,3.541206121,3.715023041,3.451988697,3.704621315,3.568995714,3.335474491,5.088263035,4.535348892,4.011860371,4.802485943,5.412270069,4.116000652,3.765934944,4.547039986,5.573575974,4.66654253,3.625226259,5.03196764,4.257921696,3.881258249,2.779874086,3.801510096,5.550529003,4.77888298,4.090661526,4.930291176,5.447628975,4.283306599,3.294447422,4.587229252,4.684649467,4.061613083,3.447005272,3.793679953,4.993178844,4.497286797,4.230632305,4.5758605,4.016913414,3.456954956,2.184968948,3.486398697,4.677220821,3.888628244,2.830500364,4.459431648,4.907797813,4.284704208,3.474203348,3.761927605,4.580418587,3.685707569,2.354228497,3.886789322,5.924476624,5.218254566,4.214593887,5.447628975,5.703577042,4.955951214,4.272079468,4.793680191,6.036536694,5.566700459,4.511678219,5.766935349,NA,NA,NA,NA,NA,NA,NA,NA,NA,NA,NA,NA,NA,NA,NA,NA,NA,NA,NA,NA,NA,NA,NA,NA,NA,NA,NA,NA,NA,NA,NA,NA,NA,NA,NA,NA,NA,NA,NA,NA,NA,NA,NA,NA,NA,NA,NA,NA
FGFR3_753_765,TVTSTDEYLDLSA,P22607,[760],NA,NA,,5.739685059,4.085860729,4.020272255,5.03943634,6.307222366,5.275597572,4.440751553,5.205032349,6.715800285,6.074192047,5.961204052,6.093454838,4.101802349,3.96382308,3.849508286,3.946271896,4.263601303,4.309626579,3.807354927,4.016913414,3.851395369,3.87940979,3.779874086,3.629631519,5.218254566,4.758914471,4.125389099,5.069740772,5.514657974,4.438242435,4.063242435,4.892299175,5.766935349,4.855162144,3.543542624,4.914131165,4.338168621,3.981163502,2.826668262,3.99146843,5.693618298,4.950679779,4.120702744,5.068930149,5.571859837,4.474203587,3.16082263,4.726378918,4.98030138,4.224820614,3.700439692,4.283306599,5.340186119,4.819938183,4.233529091,4.871062756,4.284704208,3.631829023,2.771925449,3.429426432,5.130060673,4.218985558,3.598509073,4.577001095,5.276299953,4.320566654,3.855162382,3.708791256,4.957704544,4.274894714,2.795641661,3.99146843,6.12967205,5.421191692,4.548203945,5.991896152,5.9374156,5.237142086,4.443256378,5.047689915,6.404257774,5.702531815,4.387123108,5.87663269,NA,NA,NA,NA,NA,NA,NA,NA,NA,NA,NA,NA,NA,NA,NA,NA,NA,NA,NA,NA,NA,NA,NA,NA,NA,NA,NA,NA,NA,NA,NA,NA,NA,NA,NA,NA,NA,NA,NA,NA,NA,NA,NA,NA,NA,NA,NA,NA
FRK_380_392,KVDNEDIYESRHE,P42685,[387],NA,NA,,9.333408356,7.54616642,6.998084545,8.763431549,9.497023582,7.598930359,6.824508667,8.138586044,9.570034981,8.460127831,8.137812614,9.224957466,6.460050106,5.007635593,4.908704281,6.872921467,7.380440712,6.102594852,4.864536762,6.998510838,5.712429523,4.416737556,4.705664635,5.210924149,8.930681229,8.052927017,7.294100285,8.501423836,9.903398514,8.837182045,8.017964363,9.422898293,9.744643211,7.93597126,7.075807095,8.846673012,8.56101799,7.88828373,6.618870258,8.088763237,9.761676788,8.71236515,7.16063261,9.130108833,9.140516281,7.105760098,6.609422684,8.203463554,8.505624771,7.056305408,6.720454216,7.904620171,8.073383331,7.052209377,6.737646103,7.560080528,8.377578735,7.542666912,6.219351292,7.527256012,9.480314255,8.360287666,7.386147022,8.775283813,9.865149498,8.860150337,8.172758102,8.368712425,7.776650429,6.257921696,5.379950523,6.703577042,10.54711246,9.955759048,8.794048309,10.25707626,8.321928024,6.660096645,5.804922581,7.443256378,10.32795525,9.320821762,8.163293839,9.873821259,NA,NA,NA,NA,NA,NA,NA,NA,NA,NA,NA,NA,NA,NA,NA,NA,NA,NA,NA,NA,NA,NA,NA,NA,NA,NA,NA,NA,NA,NA,NA,NA,NA,NA,NA,NA,NA,NA,NA,NA,NA,NA,NA,NA,NA,NA,NA,NA
HAVR2_257_267,GIRSEENIYTI,Q8TDQ0,[265],NA,NA,,8.724642754,7.369617939,6.880565643,7.919763088,8.731062889,7.033215046,6.125779152,7.415622234,8.748509407,7.400557041,7.733559132,8.487991333,5.085860729,3.873850346,3.826668262,5.854221344,5.92402792,5.011016369,4.172946453,5.890923977,4.387123108,3.208717585,1.731511235,3.694144249,7.638128281,6.983100891,6.208717346,7.418648243,8.696639061,7.79122448,6.943399429,8.190942764,8.412190437,6.977496147,6.015231133,7.760547161,7.251504421,6.521193027,5.469910622,6.714764118,8.53079319,7.23876524,5.948918343,7.769681931,7.990719318,6.162343979,6.016072273,7.217889309,7.327362061,6.209453583,5.925820351,6.38517046,7.316815376,6.170302868,6.154340744,6.466528416,7.402489185,6.650645256,5.250074863,6.44949913,8.304211617,7.013335705,6.444507122,7.630730629,8.957704544,8.047690392,6.876169205,8.292625427,6.964259148,5.483967781,4.849508286,6.063242435,9.516815186,8.777767181,7.767560005,9.37835598,7.298603058,5.805409431,4.922233582,6.612764359,9.177889824,7.976091385,7.006789207,8.807415962,NA,NA,NA,NA,NA,NA,NA,NA,NA,NA,NA,NA,NA,NA,NA,NA,NA,NA,NA,NA,NA,NA,NA,NA,NA,NA,NA,NA,NA,NA,NA,NA,NA,NA,NA,NA,NA,NA,NA,NA,NA,NA,NA,NA,NA,NA,NA,NA
IRS2_626_638,HPYPEDYGDIEIG,Q9Y4H2 ,"[628, 632]",NA,NA,,6.869666576,5.749331951,5.009326935,6.213860989,7.049951077,5.469295979,4.412909031,5.707229137,6.952439308,5.809783459,5.556903362,6.77341938,5.011860371,4.671891689,4.545875072,5.383214951,5.464372158,4.921335697,4.308253288,5.18347168,4.436986446,4.130060673,4.03196764,4.150130272,6.747559547,6.173323631,5.736625195,6.649290085,8.080239296,6.744770527,6.387123108,7.514955997,8.036432266,5.9511199,6.404257774,7.231900215,6.225912094,5.387773514,5.071361065,5.960330009,7.54500103,6.536521912,5.747306347,7.227366447,6.806138992,4.916837215,5.178218365,6.122657299,6.924476624,5.486398697,5.481533051,6.343542099,6.744262695,5.905074596,5.828585625,6.225184917,6.048100948,5.496081352,4.712948799,5.435729027,6.867569923,5.42246151,5.646575928,6.52681303,7.511230469,6.531234264,6.123438358,6.064869881,6.090661526,4.997445583,4.836228848,5.366816998,8.349061966,7.446225166,6.998510838,8.313909531,6.85304451,5.53064537,5.790732861,6.223728657,7.678815842,6.900753021,6.267493248,7.776525974,NA,NA,NA,NA,NA,NA,NA,NA,NA,NA,NA,NA,NA,NA,NA,NA,NA,NA,NA,NA,NA,NA,NA,NA,NA,NA,NA,NA,NA,NA,NA,NA,NA,NA,NA,NA,NA,NA,NA,NA,NA,NA,NA,NA,NA,NA,NA,NA
JAK1_1027_1039,AIETDKEYYTVKD,P23458,"[1034,1035]",NA,NA,,6.259698868,4.810268402,4.342200756,5.559214592,6.794661045,4.870131969,3.946271896,5.267846584,7.394745827,5.255785465,5.406505585,6.525631428,4.230632305,3.562098265,3.888628244,4.313738823,4.842884064,4.074595928,3.779874086,4.525927067,4.021948814,2.919538021,3.479094028,3.538866043,6.151279926,5.210188866,4.44949913,5.651457787,6.877559185,5.522377968,4.668684483,6.131614208,6.695195675,4.656863213,4.223364353,5.794170856,5.202816963,4.596260071,3.75387907,4.896874905,6.534174442,5.381257057,4.085860729,5.903256893,6.028218746,4.406505585,3.429426432,5.017754078,5.45385313,3.988041639,3.894131184,4.836228848,5.520600319,4.545875072,4.331423759,5.095446587,5.087462902,4.168411732,3.101802349,4.456954956,5.931629658,4.847619057,3.723290682,5.468681812,6.715023041,5.645488739,4.631829262,4.74882555,5.083454132,3.87199235,3.444507122,4.048512459,7.622189999,6.65632391,5.693092346,7.368629932,6.006365776,4.776898384,4.11913681,5.052619457,7.334800243,6.068524837,5.186464787,6.833606243,NA,NA,NA,NA,NA,NA,NA,NA,NA,NA,NA,NA,NA,NA,NA,NA,NA,NA,NA,NA,NA,NA,NA,NA,NA,NA,NA,NA,NA,NA,NA,NA,NA,NA,NA,NA,NA,NA,NA,NA,NA,NA,NA,NA,NA,NA,NA,NA
JAK2_563_577,VRREVGDYGQLHETE,O60674,[570],NA,NA,,5.709311485,4.412909031,3.787779331,4.829543114,6.509588242,4.617485046,3.717094421,4.869201183,6.723805904,5.184220314,4.629631519,6.126168728,3.252218962,2.803461075,3.154722691,3.471751928,3.783832073,3.434470892,3.148596525,3.503300667,2.962077618,2.406505823,2.698344231,2.642766953,5.665470123,4.734581947,4.101802349,5.21679163,6.278405666,4.947154522,4.343542099,5.639494419,6.289236069,4.552850246,4.414186478,5.532999039,4.237864017,3.981163502,3.169924974,4.232081413,5.608585835,4.742738247,3.184968948,5.153193474,5.767435074,3.424364328,3.755895376,4.808326721,4.900525093,3.464372396,2.886789322,4.436986446,5.237142086,4.181972504,4.140902042,4.617485046,4.654703617,4.015231133,2.620807648,4.013546467,5.488219261,4.469295979,4.189451694,5.115215302,6.303780556,5.21679163,4.410351276,4.699392319,4.960330009,3.813176155,2.672959089,4.103386879,7.274015427,6.298257351,5.224820614,6.727149963,5.791715622,4.371427536,3.735603809,4.809298038,6.909383774,5.892299175,4.934747696,6.507495403,NA,NA,NA,NA,NA,NA,NA,NA,NA,NA,NA,NA,NA,NA,NA,NA,NA,NA,NA,NA,NA,NA,NA,NA,NA,NA,NA,NA,NA,NA,NA,NA,NA,NA,NA,NA,NA,NA,NA,NA,NA,NA,NA,NA,NA,NA,NA,NA
JAK3_974_986,LPLDKDYYVVREP,P52333  ,"[980, 981]",NA,NA,,5.492457867,3.843832254,3.623018742,4.732535362,6.040677547,4.659019947,3.611929655,4.948036671,6.400718212,5.269964695,5.012703419,5.201337814,3.288887978,2.996593475,3.217523336,3.687821388,3.857042074,3.280508041,2.431950808,3.466836452,3.541206121,2.96904707,3.026967049,2.841935158,5.43887043,4.599632263,3.956828117,4.862666607,6.13394165,4.286099911,4.2522192,5.43887043,6.092657566,4.434470654,3.970784187,5.155486584,4.713986397,4.122266293,3.163863182,4.174454689,6.171058655,5.0599823,3.391020536,5.302746773,5.333450794,3.805409431,3.257921457,4.469295979,4.949799061,3.666542292,3.858919382,4.008481503,4.971652031,4.324647903,4.12694788,4.512870789,4.556325436,3.989755869,2.719162703,3.795641661,5.523561954,4.259343624,3.815111399,4.719162941,6.116785049,4.665470123,4.358215809,5.133166313,4.895046711,4.18347168,3.429426432,4.470524788,7.179533482,6.253646851,5.282607555,6.969915867,5.713467598,4.674025536,4.208717346,4.849508286,6.50029707,5.443256378,4.396201134,6.072170734,NA,NA,NA,NA,NA,NA,NA,NA,NA,NA,NA,NA,NA,NA,NA,NA,NA,NA,NA,NA,NA,NA,NA,NA,NA,NA,NA,NA,NA,NA,NA,NA,NA,NA,NA,NA,NA,NA,NA,NA,NA,NA,NA,NA,NA,NA,NA,NA
KIT_930_942_C942S,ESTNHIYSNLANS, P10721 ,[936],NA,NA,,6.824748516,5.169168472,4.554009438,6.021948814,7.333113194,5.763932705,4.844779968,6.290975094,7.620392799,6.520896435,6.12850523,6.929844379,3.627430677,2.580418587,2.436986446,3.801510096,4.175961494,3.580418587,1.681470513,4.351564407,3.668684483,2.719162703,3.277704239,3.006789207,6.884487152,6.087462902,5.124608994,6.27419138,7.570142269,6.243982315,5.3635149,6.781112194,7.22300005,5.370769978,4.677220821,6.281558037,5.922233582,5.358879089,3.708791256,5.502700329,7.393289089,6.207612991,4.493666649,6.713726997,6.559503555,4.517632008,4.023623466,5.590622425,5.885408401,4.406505585,4.190942764,4.745785236,6.222270966,5.239305973,4.889546871,5.47603941,6.091061115,5.284005642,4.003398418,5.395554543,6.892299175,5.488219261,4.818974018,6.112463951,7.636351109,6.132778645,5.736625195,6.516146183,5.865470409,4.739685059,3.557481766,4.953318119,8.716188431,7.904961109,6.6509161,8.470754623,6.187585354,4.809298038,3.864536524,5.6509161,8.195778847,7.117373466,5.801998138,7.742484093,NA,NA,NA,NA,NA,NA,NA,NA,NA,NA,NA,NA,NA,NA,NA,NA,NA,NA,NA,NA,NA,NA,NA,NA,NA,NA,NA,NA,NA,NA,NA,NA,NA,NA,NA,NA,NA,NA,NA,NA,NA,NA,NA,NA,NA,NA,NA,NA
LAT_194_206,MESIDDYVNVPES,O43561,[200],NA,NA,,4.277704239,3.12694788,2.638401747,3.139358282,5.133166313,3.584962606,2.299985409,3.75387907,5.323967934,4.028635979,4.046866894,5.025296211,3.515253544,3.587229013,3.600754499,2.67722106,3.828585625,3.824748516,3.313738823,3.095446825,3.205770254,2.249359369,3.03363061,3.026967049,4.798578739,4.265017986,4.023623466,4.447005272,4.440751553,3.226275682,2.972519159,3.552850246,5.191687584,2.933857679,3.719162703,4.503300667,2.436986446,1.811238408,1.040263772,2.338168621,4.505699158,4.033630848,3.401362658,4.324647903,4.740703583,2.294447422,3.059982061,3.493666649,3.694144249,2.385821819,2.130060434,3.260764122,5.059165955,4.315106869,4.026967049,4.298603058,2.166897297,1.841935158,0,1.178970218,3.095446825,2.375367403,2.079434395,3.169924974,4.608585835,3.500898361,3.555167913,3.101802349,4.531822681,3.332775593,3.111283541,3.739685059,5.383867264,4.288887978,4.076210499,5.211658478,5.80443573,4.712948799,4.821864128,5.0599823,4.981163502,4.143984795,3.751859903,4.745785236,NA,NA,NA,NA,NA,NA,NA,NA,NA,NA,NA,NA,NA,NA,NA,NA,NA,NA,NA,NA,NA,NA,NA,NA,NA,NA,NA,NA,NA,NA,NA,NA,NA,NA,NA,NA,NA,NA,NA,NA,NA,NA,NA,NA,NA,NA,NA,NA
LAT_249_261,EEGAPDYENLQEL,O43561,[255],NA,NA,,5.609143734,4.328717232,3.675091505,4.440751553,5.848091602,4.317839146,3.493666649,4.450744629,6.132390499,4.538866043,4.383214951,5.603556633,4.085860729,3.721228123,3.493666649,4.001700401,4.368794918,4.153193474,3.401362658,3.944504976,3.321928024,3.01017189,3.133166313,2.951559782,6.500898361,5.883104324,5.387773514,6.271375179,6.952219009,5.284005642,5.24577713,6.242904186,7.404579163,4.978575706,5.746799469,6.450433254,4.962077618,4.106550694,3.960329771,4.688877106,6.673758984,5.821864128,4.964694977,6.349228859,6.369782448,4.221906185,4.577001095,5.313738823,6.33446312,4.448252678,4.550529003,5.627430439,6.452920914,5.37929678,5.344212055,5.997019768,4.295834064,3.981163502,3.249359369,3.946271896,5.800045013,4.192432404,4.456954956,5.169168472,6.854456902,5.801022053,5.508691788,5.067307472,5.830500126,4.716059208,4.291670322,5.202816963,7.597525597,6.693881512,6.089862823,7.31749773,6.926939487,5.566700459,5.824268341,6.298948765,7.065682888,6.209821224,5.430689335,6.818732738,NA,NA,NA,NA,NA,NA,NA,NA,NA,NA,NA,NA,NA,NA,NA,NA,NA,NA,NA,NA,NA,NA,NA,NA,NA,NA,NA,NA,NA,NA,NA,NA,NA,NA,NA,NA,NA,NA,NA,NA,NA,NA,NA,NA,NA,NA,NA,NA
LCK_387_399,RLIEDNEYTAREG,P06239,[394],NA,NA,,6.19577837,4.554009438,4.401362419,5.531822681,6.861028194,5.173700809,4.315106869,5.627430439,7.104376316,6.208717346,5.518226147,6.274543285,4.145523548,3.683590412,4,4.297219276,4.927610397,4.229181767,3.620807648,4.535348892,4.186464787,3.725350142,3.429426432,3.815111399,6.203925133,5.407788754,4.746799469,5.468066692,6.915710449,5.528288364,4.886789322,6.37635088,6.706447124,5.149363518,4.247927666,5.68993187,5.436357975,4.685707569,3.461904049,5.149363518,6.444507122,5.356887817,3.928504467,5.946271896,6.246135712,4.011860371,3.340857744,5.199857712,5.428794861,3.849508286,3.370111704,4.820901394,5.292365074,4.401362419,4.272079468,4.750849247,5.370111465,4.409070492,3.469296217,4.600754261,6.22809267,5.073787689,4.157775879,5.543542385,6.835514069,5.375367165,5.182722092,5.364175797,4.864536762,3.757908821,3.416737795,3.955074072,7.585529327,6.863134384,5.649290085,7.348060131,5.532999039,4.299985409,3.620807648,4.698344231,7.528730392,6.464680672,5.137812614,7.118353367,NA,NA,NA,NA,NA,NA,NA,NA,NA,NA,NA,NA,NA,NA,NA,NA,NA,NA,NA,NA,NA,NA,NA,NA,NA,NA,NA,NA,NA,NA,NA,NA,NA,NA,NA,NA,NA,NA,NA,NA,NA,NA,NA,NA,NA,NA,NA,NA
LYN_391_403,VIEDNEYTAREGA,P07948 ,[397],NA,NA,,6.030302525,4.262183666,3.930290937,5.578711033,6.507196426,4.95507431,3.662248373,5.402650356,6.976415634,5.680939674,5.320566654,6.160442352,4.362192154,3.767934561,3.439497709,4.571287632,4.81511116,4.221906185,3.431950808,4.617485046,4.165380955,3.3779881,3.647119045,3.858919382,6.447940826,5.766935349,4.911420345,6.089063168,7.217889309,5.860325813,4.990612507,6.621084213,6.688877106,5.003398418,4.31099844,5.913228035,5.727920532,4.918638229,3.807354927,5.336822033,7.133166313,5.929844379,4.850452423,6.517334938,6.410031319,4.279106617,3.815111399,5.650374413,5.587229252,4.320566654,4.3608675,5.175208092,5.829543114,4.95507431,4.763932705,5.313738823,5.577001095,4.74882555,3.721228123,4.895046711,6.478483677,5.169168472,4.237864017,5.858919144,6.972302437,5.600193501,5.293753624,5.24577713,5.348895073,3.847618818,3.380604029,4.239305973,7.836824417,7.193920612,6.178594112,7.786300659,6.098628044,4.904166222,4.412909031,5.40329361,7.954854488,6.929844379,5.779874325,7.567991734,NA,NA,NA,NA,NA,NA,NA,NA,NA,NA,NA,NA,NA,NA,NA,NA,NA,NA,NA,NA,NA,NA,NA,NA,NA,NA,NA,NA,NA,NA,NA,NA,NA,NA,NA,NA,NA,NA,NA,NA,NA,NA,NA,NA,NA,NA,NA,NA
MET_1227_1239,RDMYDKEYYSVHN,P08581,"[1230, 1234, 1235]",NA,NA,,6.00297451,4.552850246,4.440751553,5.307565689,6.654973507,4.901436329,4.05179882,5.187959194,6.728177071,5.493062496,5.312369347,6.020691872,3.605234861,3.12694788,3.316473722,3.946271896,4.05179882,3.773916721,2.905074835,3.745785236,3.598509073,3,3.496081352,3.16082263,5.482750893,4.458193779,3.747812986,5.164622307,6.043981552,5.050156593,4.046866894,5.681470394,6.260409355,4.301366806,3.557481766,5.153193474,4.755895615,4.166897297,2.894131184,4.3635149,6.39523077,5.448252678,3.700439692,5.903711319,5.626328945,4.026967049,3.35954237,4.685707569,4.921335697,3.566700459,3.013546467,3.807354927,5.027801514,4.323288441,3.75387907,4.627430439,4.740703583,3.834321976,2.299985409,3.562098265,5.650374413,4.793680191,3.184968948,4.822826385,6.370769978,5.237142086,4.624123096,5.232081413,5.064056396,4.338168621,2.905074835,4.377988338,7.386472702,6.525927067,5.116785049,7.061205864,5.544126034,4.601875782,3.534174442,4.783832073,6.543542385,5.450744629,4.136265755,6.062835217,NA,NA,NA,NA,NA,NA,NA,NA,NA,NA,NA,NA,NA,NA,NA,NA,NA,NA,NA,NA,NA,NA,NA,NA,NA,NA,NA,NA,NA,NA,NA,NA,NA,NA,NA,NA,NA,NA,NA,NA,NA,NA,NA,NA,NA,NA,NA,NA
MET_1228_1240,DMYDKEYYSVHNK,P08581,"[1230, 1234, 1235]",NA,NA,,5.394907475,3.550529003,3.735603809,4.785807133,5.761425972,4.240746498,3.451988697,4.636214256,6.172946453,4.498491764,4.896874905,5.243623257,3.16082263,2.919538021,2.664397001,3.524744987,3.747812986,2.986325026,2.989755869,3.40907073,3.114429951,2.647119045,3.479094028,2.834321976,4.919538021,4.387123108,3.543542624,4.695195675,5.75387907,4.550529003,3.685707569,5.269258976,5.445132256,3.832412481,2.529467344,4.675091743,4.487612724,3.456954956,2.332775593,3.611929655,6.036121845,4.56440115,3.252218962,5.279106617,5.03196764,3.488825321,2.59400773,3.994887114,4.406505585,2.266433001,1.951559663,3.559792042,4.506896973,3.805409431,3.543542624,4.201337814,4.421826839,3.283306599,1.013546586,3.403936386,5.207244873,3.56440115,3.187958956,4.187959194,5.686764717,4.551690102,4.01017189,4.701486111,4.460668564,3.332775593,2.602996349,3.332775593,6.798089504,5.959455013,4.697295189,6.473590851,4.92402792,4.116000652,2.982886076,4.387123108,6.154340744,4.935637474,3.486398697,5.660634995,NA,NA,NA,NA,NA,NA,NA,NA,NA,NA,NA,NA,NA,NA,NA,NA,NA,NA,NA,NA,NA,NA,NA,NA,NA,NA,NA,NA,NA,NA,NA,NA,NA,NA,NA,NA,NA,NA,NA,NA,NA,NA,NA,NA,NA,NA,NA,NA
MPZL1_236_246,QGPVIYAQLDH,O95297,[241],NA,NA,,6.435100079,5.243623257,3.884948015,5.272783756,6.553140163,5.134716988,4.181972504,5.07540369,6.117569447,5.407147408,4.68993187,6.069740772,3.003398418,2.416737795,2.370111704,3.351564407,3.193920374,3.036951065,2.689932108,2.975983143,2.396200895,1.965566516,1.411630869,2.046866655,5.563250065,4.952439308,3.946271896,5.37929678,6.586946011,5.502700329,4.572432041,6.174454689,5.638401985,4.3635149,3.870132208,5.197633743,4.78482008,3.370111704,2.94096446,4.465604782,6.158157349,4.743754864,3.426897526,5.757908821,5.157775879,3.609701395,3.136265755,4.675091743,4.439497471,3.246494055,3.362191916,3.704621315,5.123047829,4.233529091,3.795641661,4.281908035,5.195406914,4.350230217,3.419284344,4.229181767,5.745277882,4.308253288,4.041917324,5.17219162,6.809540749,5.6052351,4.77092886,5.993178844,4.773916721,3.562098265,2.775905132,3.841935158,7.461595535,6.559792042,5.707749844,7.225730419,5.086661816,3.96904707,2.868269444,4.5758605,6.579565048,5.512870789,4.78284359,6.403614998,NA,NA,NA,NA,NA,NA,NA,NA,NA,NA,NA,NA,NA,NA,NA,NA,NA,NA,NA,NA,NA,NA,NA,NA,NA,NA,NA,NA,NA,NA,NA,NA,NA,NA,NA,NA,NA,NA,NA,NA,NA,NA,NA,NA,NA,NA,NA,NA
P85A_600_612,NENTEDQYSLVED,P27986,[607],NA,NA,,8.68755722,6.184220314,6.03819418,7.944946766,8.068930626,6.082651138,5.301366806,6.797111034,8.855632782,6.80711174,7.073585987,7.935081482,5.323288441,4.340857983,4.267846584,5.67455864,6.125389099,5.115215302,4.324647903,5.888628483,4.737646103,3.851395369,4.192432404,4.3845191,7.631691933,6.588078022,5.78234911,7.257209778,8.599912643,6.975767136,6.175961494,7.935860157,8.750785828,6.266432762,5.483967781,7.739430428,7.159490585,6.029886246,4.799556732,6.513466835,8.501349449,7.257743835,5.72535038,7.632514954,8.163198471,5.572432041,4.938303471,6.823066711,7.496834755,5.491853237,5.307565689,6.54907608,7.041710854,5.846673012,5.633475304,6.442317486,6.805165768,5.759417057,4.385821819,5.87663269,8.116981506,6.441064835,5.743754864,7.27823019,8.52688694,7.271551132,6.478788853,6.817526817,6.431951046,4.843832016,4.098628044,5.5229702,9.433290482,8.395715714,7.323118687,9.152236938,7.529025555,5.897331715,5.329394341,6.53211689,9.258276939,7.962404728,6.614154339,8.676888466,NA,NA,NA,NA,NA,NA,NA,NA,NA,NA,NA,NA,NA,NA,NA,NA,NA,NA,NA,NA,NA,NA,NA,NA,NA,NA,NA,NA,NA,NA,NA,NA,NA,NA,NA,NA,NA,NA,NA,NA,NA,NA,NA,NA,NA,NA,NA,NA
PAXI_111_123,VGEEEHVYSFPNK,P49023,[118],NA,NA,,8.926044464,6.990398407,6.371427536,7.985251427,8.749268532,7.036329269,6.024460316,7.603696346,9.252040863,8.015231133,7.476191998,8.424681664,5.565551281,4.389722347,4.139358521,5.904620171,6.24828577,5.250790119,4.142444134,6.238945484,5.071361065,3.903256655,3.979438782,4.223364353,8.264309883,7.356555939,6.309626579,7.831815243,9.24187088,8.042536736,6.945388794,8.732919693,9.087312698,7.268199921,6.430058002,8.184033394,7.848209381,7.359708309,5.728947163,7.631005287,8.650238991,7.829902172,5.839560509,8.150034904,8.39223671,6.421509266,6.013124943,7.458967686,7.945498943,6.545292377,6.11167717,6.923803806,7.457109928,6.325665951,5.972085953,6.635118961,7.973061085,7.05507803,5.774911404,7.038401604,8.871818542,7.689536572,6.481228352,8.163863182,9.189917564,7.863718987,7.236781597,8.297651291,7.049746037,6.212026119,5.265725613,6.441064835,9.940105438,9.202724457,7.744516373,9.703805923,7.864536762,6.592597961,5.636214256,6.985895634,9.588926315,8.459508896,7.047072411,9.197957993,NA,NA,NA,NA,NA,NA,NA,NA,NA,NA,NA,NA,NA,NA,NA,NA,NA,NA,NA,NA,NA,NA,NA,NA,NA,NA,NA,NA,NA,NA,NA,NA,NA,NA,NA,NA,NA,NA,NA,NA,NA,NA,NA,NA,NA,NA,NA,NA
PAXI_24_36,FLSEETPYSYPTG,P49023,"[31, 33]",NA,NA,,7.730870724,5.945830345,5.418648243,7.002337456,7.866987228,6.29201746,5.3185215,6.598789692,8.37183857,6.979007244,6.715281963,7.297219276,5.155486584,4.469295979,4.414186478,5.333450794,5.847619057,4.892299175,4.160822868,5.595134258,4.794661045,3.763932705,4.277704239,3.892299414,7.56727457,6.697295189,5.702009201,7.015441418,8.593655586,7.332437992,6.456645012,8.018488884,8.798517227,6.494572639,5.933412552,7.718646049,7.23876524,6.574718475,5.089862823,6.925148487,8.04974556,7.088463306,5.279106617,7.56827879,7.889317513,5.677220821,5.287494659,6.745024204,7.249717236,5.616375446,5.208717346,6.0717659,6.726892948,5.667078018,5.313738823,5.881720066,7.128116131,6.13665247,4.960330009,6.2186203,7.964804173,6.801266193,5.659019947,7.359045029,8.359210968,6.89756012,6.495478153,7.322608471,6.547913074,5.227002621,4.46313858,5.571859837,9.186091423,8.273575783,7.104969501,8.92828083,7.043362617,5.560945511,4.956828117,6.234613895,9.022943497,7.716188431,6.458503246,8.616791725,NA,NA,NA,NA,NA,NA,NA,NA,NA,NA,NA,NA,NA,NA,NA,NA,NA,NA,NA,NA,NA,NA,NA,NA,NA,NA,NA,NA,NA,NA,NA,NA,NA,NA,NA,NA,NA,NA,NA,NA,NA,NA,NA,NA,NA,NA,NA,NA
PDPK1_2_14,ARTTSQLYDAVPI,O15530,[9],NA,NA,,6.686235905,5.278405666,4.721228123,6.101406097,7.420238495,5.986754417,4.926715374,6.139744282,7.922794819,6.832651138,6.404579163,7.094650269,3.444507122,2.681470394,2.294447422,3.653622389,3.888628244,3.476650715,2.795641661,4.040263653,3.35954237,2.299985409,2.396200895,2.584962606,6.355226517,5.36945343,4.474203587,5.830500126,6.544417858,5.420556068,4.402650356,5.805409431,6.602996349,4.694144249,3.946271896,5.489431381,5.237142086,4.578141212,3.211658716,4.821864128,6.67801857,5.810268402,3.765934944,6.125389099,6.070146561,4.166897297,3.496081352,4.888628483,5.101009369,3.967307806,2.456954956,3.849508286,5.784326077,4.741721153,4.133166313,5.159300327,5.143214703,4.324647903,2.838133574,4.058349133,5.95507431,5.157775879,3.3936131,5.224820614,6.964694977,5.974252224,5.282607555,6.244341373,5.868269444,4.624123096,3.683590412,5.024460316,8.11531353,7.340857983,5.898701191,7.529467583,6.059574127,4.889546871,3.888628244,5.237864017,7.504950047,6.433526516,5.138585567,7.14475441,NA,NA,NA,NA,NA,NA,NA,NA,NA,NA,NA,NA,NA,NA,NA,NA,NA,NA,NA,NA,NA,NA,NA,NA,NA,NA,NA,NA,NA,NA,NA,NA,NA,NA,NA,NA,NA,NA,NA,NA,NA,NA,NA,NA,NA,NA,NA,NA
PDPK1_369_381,DEDCYGNYDNLLS,O15530,"[373, 376]",NA,NA,,6.354561329,4.970784187,4.570142269,5.687821388,6.47726202,4.978575706,3.94096446,5.155486584,6.735859394,5.367476463,5.087462902,5.985466003,4.418011665,4.077823639,4.335474491,4.843832016,5.110495567,4.613042355,4.266432762,4.875705719,4.356887817,3.958580017,4.03196764,4.11913681,6.183096886,5.285402298,4.707749844,6.00890398,7.673892498,6.303091526,5.471138477,7.170302868,7.415941238,5.482141972,4.839085102,6.467759609,6.212026119,5.187959194,4.216059685,5.503900528,6.666274071,5.462521553,4.082651138,6.159300327,6.656863213,4.686764717,4.277704239,5.832890034,5.830978394,4.638401985,3.623018742,4.874778271,5.527698517,4.836228848,4.34622097,5.097038269,6.1101017,5.287494659,4.008481503,5.005942345,7.051388741,5.594007492,4.75387907,6.279807568,6.798823357,6.040263653,4.928504467,4.993178844,5.080239296,3.638401747,3.214594126,3.765934944,7.375367165,6.762930393,5.587795258,6.285053253,5.596822739,4.242185593,3.631829023,4.557481766,7.708140373,6.680409431,5.451366901,7.063852787,NA,NA,NA,NA,NA,NA,NA,NA,NA,NA,NA,NA,NA,NA,NA,NA,NA,NA,NA,NA,NA,NA,NA,NA,NA,NA,NA,NA,NA,NA,NA,NA,NA,NA,NA,NA,NA,NA,NA,NA,NA,NA,NA,NA,NA,NA,NA,NA
PECA1_706_718,KKDTETVYSEVRK,P16284,[713],NA,NA,,7.910854816,6.142829418,5.568995953,7.023623466,8.282432556,6.402006626,5.487612724,6.840510845,8.371920586,7.144562244,6.7503438,7.721357346,4.383214951,2.948036671,3.059982061,4.891382694,4.930291176,3.894131184,2.436986446,4.963822842,4.071361065,2.466836452,2.154722691,2.975983143,7.17011404,6.064463139,5.116000652,6.785560608,7.805531025,6.592880249,5.5229702,7.382562637,7.647390366,5.738666058,4.833367348,6.666810036,6.371098518,5.715023041,3.993178606,5.950239182,7.985251427,6.907117367,4.641676903,7.414186478,7.193362713,5.094650269,4.383214951,6.116785049,6.193176746,4.792698383,3.975983143,5.134716988,6.514955997,5.313054085,4.836228848,5.769432545,6.399428844,5.340186119,3.739685059,5.277704239,7.43132019,6.383867264,4.875705719,6.571287632,8.249717712,7.120115757,6.518820286,7.252040386,6.455404758,5.324647903,4.082651138,5.455714703,9.323883057,8.64487648,7.139937401,8.882181168,6.818732738,5.441378117,4.456954956,5.968612671,8.398219109,7.132778645,5.695195675,7.935304165,NA,NA,NA,NA,NA,NA,NA,NA,NA,NA,NA,NA,NA,NA,NA,NA,NA,NA,NA,NA,NA,NA,NA,NA,NA,NA,NA,NA,NA,NA,NA,NA,NA,NA,NA,NA,NA,NA,NA,NA,NA,NA,NA,NA,NA,NA,NA,NA
PECA1_708_718,DTETVYSEVRK,P16284,[713],NA,NA,,9.284005165,7.797111034,6.698868275,8.07973671,9.181879044,7.532999039,6.526517868,7.883104324,9.053080559,7.808933735,7.644400597,9.069386482,5.894131184,4.516443253,4.12850523,6.452299595,6.468681812,5.456335068,4.12850523,6.444507122,5.154722691,3.59400773,3.832412481,4.461904049,8.799800873,7.947926044,7.031135559,8.395715714,9.831008911,8.678217888,7.626191139,9.305588722,9.102248192,7.713467598,7.069538593,8.569354057,7.937526703,7.260764122,6.468681812,7.548203945,9.084908485,7.97457695,6.731255054,8.500447273,8.37224865,6.847619057,6.720970154,7.946271896,8.335980415,6.819938183,6.602716446,7.580702782,8.030510902,6.830500126,6.504500389,7.20798111,7.973602772,7.344212055,6.266079426,7.39085865,8.975226402,7.588926792,7.220264435,8.299121857,9.800167084,8.683656693,7.935526371,8.847146034,7.50510025,6.331423759,5.471752167,6.737135887,10.30177689,9.582159996,8.801753998,10.29780293,7.89046526,6.712170124,6.121875763,7.243802547,9.798395157,8.826908112,7.904393196,9.701649666,NA,NA,NA,NA,NA,NA,NA,NA,NA,NA,NA,NA,NA,NA,NA,NA,NA,NA,NA,NA,NA,NA,NA,NA,NA,NA,NA,NA,NA,NA,NA,NA,NA,NA,NA,NA,NA,NA,NA,NA,NA,NA,NA,NA,NA,NA,NA,NA
PGFRB_1002_1014,LDTSSVLYTAVQP,P09619,[1009],NA,NA,,5.269258976,3.44949913,2.694144249,4.304125309,6.121484756,4.3845191,2.933857679,4.548203945,6.525631428,4.903256893,4.772921562,5.833844662,2.190942764,2.07297945,1.972519159,2.496081352,2.955074072,2.629631519,2.664397001,3.020272493,2.136265755,2.130060434,2.148596525,2.35954237,4.996593475,3.725350142,2.948036671,4.461904049,5.092258453,3.246494055,2.348895311,4.317839146,5.205032349,2.354228497,2.12382865,3.860794067,3.036951065,2.288887978,0.886789382,2.664397001,5.25863266,3.857042074,1.190942764,4.675091743,4.602996349,1.90143609,1.723290682,3.172946453,2.660096884,1.672959089,0.42182678,1.915935755,4.362192154,3.277704239,2.857042074,4.016913414,3.166897297,2.05343914,0.316473663,1.71502316,4.109707832,2.944504976,2.190942764,3.454473972,5.595134258,4.511678219,3.169924974,3.956828117,4.299985409,2.534174442,1.763932586,3.234975576,6.747559547,5.776898384,4.433211327,6.116393089,4.703577042,3.447005272,2.142444372,3.884948015,6.232805729,4.715023041,3.442004681,5.712948799,NA,NA,NA,NA,NA,NA,NA,NA,NA,NA,NA,NA,NA,NA,NA,NA,NA,NA,NA,NA,NA,NA,NA,NA,NA,NA,NA,NA,NA,NA,NA,NA,NA,NA,NA,NA,NA,NA,NA,NA,NA,NA,NA,NA,NA,NA,NA,NA
PGFRB_1014_1028,PNEGDNDYIIPLPDP,P09619,[1021],NA,NA,,6.726378918,4.708791256,4.651457787,6.081445694,6.824748516,5.293753624,4.512870789,5.67242527,7.777146816,6.294794083,6.161203384,6.691513062,4.424364567,4.07297945,4.153193474,4.304125309,4.768933296,4.368794918,4.227729321,4.640585899,4.085860729,4.063242435,4.323288441,3.751859903,6.3845191,5.625777721,5.182722092,5.954635143,6.130060673,4.889546871,4.392317295,5.445132256,6.77341938,5.116785049,4.137812614,5.795151234,4.606352806,4.140902042,2.908704281,4.218985558,6.689404488,5.592316151,4.63402319,6.048512459,6.444507122,4.765934944,3.003398418,5.242904186,5.543542385,4.362192154,3.923131227,4.820901394,6.114037037,5.542958736,4.885869026,5.704621315,4.226275921,3.40907073,1.755895376,3.500898361,5.679347515,4.372741699,3.905074835,5.102594852,6.725092888,5.56612587,5.136265755,5.458812714,5.780369759,4.881258488,3.72740674,5.226275921,7.635255814,6.941850662,5.888628483,7.565119743,6.865237236,6.02320528,5.273487568,6.361861229,7.282957554,6.335811615,5.13083744,6.789503098,NA,NA,NA,NA,NA,NA,NA,NA,NA,NA,NA,NA,NA,NA,NA,NA,NA,NA,NA,NA,NA,NA,NA,NA,NA,NA,NA,NA,NA,NA,NA,NA,NA,NA,NA,NA,NA,NA,NA,NA,NA,NA,NA,NA,NA,NA,NA,NA
PGFRB_572_584,VSSDGHEYIYVDP,P09619,"[579, 581]",NA,NA,,7.453542233,5.974685192,5.061613083,6.692302704,7.305158138,5.755895615,4.286099911,5.905074596,7.844661236,6.233167648,6.075807095,7.307050228,4.44949913,3.851395369,3.642766953,4.963822842,5.28958416,4.550529003,3.704621315,4.89961338,4.05343914,2.989755869,3.178970337,4.005094528,7.530351162,6.735093117,5.747812748,7.186464787,8.254360199,7.14475441,6.087862968,7.740321636,8.185997009,6.585529327,5.819938183,7.237864017,6.787040234,6.257565975,5.239305973,6.511976242,7.627017498,6.826188564,5.537694454,7.156059265,7.291149139,5.856102467,5.043569088,6.389398098,7.050156593,5.819938183,5.297219276,6.385821819,6.95989275,6.081847668,5.504500389,6.413547993,6.741721153,6.066495419,4.884948254,5.903256893,7.32243824,6.267846584,5.679347515,6.92425251,7.642085552,6.853280067,5.744770527,6.409070492,6.463447094,5.312369347,4.323288441,5.481533051,8.631485939,7.861730576,6.83884716,8.34622097,7.20779705,6.167276382,5.253646851,6.251504421,8.406666756,7.599912643,6.368465424,8.16689682,NA,NA,NA,NA,NA,NA,NA,NA,NA,NA,NA,NA,NA,NA,NA,NA,NA,NA,NA,NA,NA,NA,NA,NA,NA,NA,NA,NA,NA,NA,NA,NA,NA,NA,NA,NA,NA,NA,NA,NA,NA,NA,NA,NA,NA,NA,NA,NA
PGFRB_709_721,RPPSAELYSNALP,P09619,[716],NA,NA,,5.166897297,3.860794067,3.260764122,4.358215809,6.199857712,4.542375088,3.05343914,4.774911404,6.701747894,4.978575706,4.92402792,5.830021858,1.214594126,1.411630869,1.431950927,1.338168621,2.226275682,2.751859903,1.130060554,2.651457787,1.647119045,1.327361941,0.647118986,1.190942764,4.944504738,4.240746498,3.479094028,4.657941818,5.187959194,3.967307806,2.775905132,4.403936386,5.328717232,3.751859903,2.698344231,4.01017189,3.280508041,2.795641661,2.07297945,2.993178606,5.370111465,4.284704208,2.166897297,4.907797813,5.003398418,2.841935158,3.069741011,4.193920612,3.488825321,2.020272493,1.584962487,1.871992469,4.902346611,3.843832254,3.154722691,4.330071449,3.634023428,2.607469797,1.763932586,2.538866043,4.308253288,3.464372396,2.31099844,3.679347277,5.726892948,4.797600269,3.503300667,4.455714703,4.843832016,3.672959089,2.520007133,3.548203945,6.954415798,5.921335697,4.839085102,6.087062359,5.334800243,4.166897297,2.860794067,4.426897526,6.099025249,5.181972504,3.793679953,5.734581947,NA,NA,NA,NA,NA,NA,NA,NA,NA,NA,NA,NA,NA,NA,NA,NA,NA,NA,NA,NA,NA,NA,NA,NA,NA,NA,NA,NA,NA,NA,NA,NA,NA,NA,NA,NA,NA,NA,NA,NA,NA,NA,NA,NA,NA,NA,NA,NA
PLCG1_764_776,IGTAEPDYGALYE,P19174,"[771, 775]",NA,NA,,8.73993969,7.293059349,6.582692146,7.754004955,8.988255501,7.078830719,5.947154522,7.512274742,9.096043587,7.359376431,7.142829418,8.57121563,6.123438358,4.752869606,4.727406979,6.389722347,6.801998138,5.518820286,4.444507122,6.609422684,5.24505949,3.840035677,3.906890631,4.620807648,9.038815498,8.090761185,7.210924149,8.490188599,10.01154327,8.593232155,7.830500126,9.399670601,9.806594849,7.82246542,7.503450871,8.956882477,7.900980949,7.286623001,6.392641544,7.531086922,9.402851105,8.262626648,7.064056396,8.718387604,9.006524086,6.755643368,6.795641422,8.022263527,8.563681602,6.875010014,6.812449932,7.765559673,8.253111839,7.000425339,6.763932705,7.532999039,7.807476521,7.089462757,6.157013416,7.217157364,8.82738781,7.7503438,7.186651707,8.435729027,9.886990547,8.769120216,8.021110535,8.603066444,7.861847878,6.377660751,5.848091602,6.872224808,10.41404724,9.729492188,8.799861908,10.36186123,8.431556702,6.685971737,6.523561954,7.648069382,9.849508286,8.818673134,7.977171898,9.625432968,NA,NA,NA,NA,NA,NA,NA,NA,NA,NA,NA,NA,NA,NA,NA,NA,NA,NA,NA,NA,NA,NA,NA,NA,NA,NA,NA,NA,NA,NA,NA,NA,NA,NA,NA,NA,NA,NA,NA,NA,NA,NA,NA,NA,NA,NA,NA,NA
PLCG2_1191_1203_C1200S,ESEEELYSSSRQL,P16885,[1197],NA,NA,,8.923299789,7.827867031,6.638401985,7.983316422,9.291800499,7.732023716,6.628806591,7.835394859,9.248151779,8.18637085,7.738283634,8.987934113,6.284005642,5.250074863,4.732535362,6.748319626,6.883335114,6.068930149,4.776898384,6.761676788,5.528877735,4.405221939,4.092258453,4.988041401,8.894246101,8.176149368,7.293580055,8.516740799,9.794661522,8.702597618,7.89710331,9.149651527,9.259343147,7.825228691,7.100414276,8.767185211,8.008481026,7.142829418,6.573575974,7.753752708,9.229408264,7.964041233,7.223728657,8.83527565,8.513615608,7.120702744,6.767435074,8.020796776,8.475962639,7.184032917,6.932298183,7.718258381,8.164717674,7.234433174,6.92939806,7.449187756,7.964367867,7.360205173,6.405221939,7.400879383,8.713273048,7.421985149,7.102198601,8.33682251,9.517780304,8.580134392,7.725221634,8.41530323,7.435257435,6.498190403,5.736114502,6.742738247,10.04163361,9.345635414,8.643447876,10.17502022,7.842172623,6.806382656,6.170681,7.27102232,9.694078445,8.879179001,8.036329269,9.716026306,NA,NA,NA,NA,NA,NA,NA,NA,NA,NA,NA,NA,NA,NA,NA,NA,NA,NA,NA,NA,NA,NA,NA,NA,NA,NA,NA,NA,NA,NA,NA,NA,NA,NA,NA,NA,NA,NA,NA,NA,NA,NA,NA,NA,NA,NA,NA,NA
PRRX2_202_214,WTASSPYSTVPPY,Q99811,"[208, 214]",NA,NA,,5.424364567,3.908704281,3.696245909,4.861730576,6.195035458,4.75387907,3.552850246,4.888628483,6.507196426,5.244341373,4.924924374,5.03196764,2.72740674,2.243623018,1.747812986,2.486398697,3.142444372,1.747812986,2.283306599,3.092258453,3.255073071,1.923131227,2.092258453,1.755895376,5.336822033,4.180472374,3.589492083,4.695195675,5.81511116,4.537694454,3.895961046,5.186464787,6.019433498,4.177466393,3.515253544,4.801510334,4.31099844,3.666542292,2.562098265,3.803461075,5.808326721,4.678284645,3.193920374,5.167654514,5.328717232,3.815111399,3.05343914,3.979438782,4.211658478,2.811238289,2.647119045,3.154722691,4.661172867,3.541206121,3.030302763,3.773916721,4.05507803,3.243623018,2.111283541,3.154722691,5.389073372,4.266432762,2.755895376,4.497286797,6.40039587,5.083454132,4.566700459,5.585529327,4.811238289,4.227729321,2.607469797,4.309626579,7.224274635,6.322948456,5.172946453,6.915710449,5.24505949,3.461904049,3.302746773,4.514062881,6.392641544,5.162343979,3.832412481,5.798089504,NA,NA,NA,NA,NA,NA,NA,NA,NA,NA,NA,NA,NA,NA,NA,NA,NA,NA,NA,NA,NA,NA,NA,NA,NA,NA,NA,NA,NA,NA,NA,NA,NA,NA,NA,NA,NA,NA,NA,NA,NA,NA,NA,NA,NA,NA,NA,NA
PTN11_57_67,QNTGDYYDLYG,Q06124,"[62, 63, 66]",NA,NA,,7.939967155,6.309626579,5.735093117,7.354894161,8.0145998,6.463447094,5.469295979,6.875242233,8.29635334,7.015651703,6.984606743,7.580276489,5.420556068,4.255073071,4.265017986,5.866404057,6.00890398,5.102594852,4.198375702,5.990184307,4.802485943,4.317839146,4.405221939,4.31099844,7.76155138,6.915710449,6.154340744,7.303780556,9.030303001,7.851748943,7.137619495,8.556035995,8.931406975,7.369288921,6.675091743,8.301366806,7.551980019,6.715541363,5.577001095,6.987398148,8.544709206,7.174266338,5.965130806,7.702009201,8.375449181,6.762930393,6.315448761,7.605933666,7.997339249,6.707749844,6.428162575,7.041504383,7.132584572,6.062835217,5.817526817,6.352897167,7.485031605,6.627706051,5.514062881,6.752364635,8.427213669,7.024878025,6.555167675,7.835752487,8.596752167,7.296526909,6.86943388,7.873037815,6.895275116,5.840510845,5.169925213,6.3635149,9.283175468,8.409710884,7.339009762,9.151136398,7.398945332,6.351897717,6.009749413,6.965130806,9.062631607,7.892872334,6.946051121,8.645148277,NA,NA,NA,NA,NA,NA,NA,NA,NA,NA,NA,NA,NA,NA,NA,NA,NA,NA,NA,NA,NA,NA,NA,NA,NA,NA,NA,NA,NA,NA,NA,NA,NA,NA,NA,NA,NA,NA,NA,NA,NA,NA,NA,NA,NA,NA,NA,NA
PTN11_580_590,SARVYENVGLM,Q06124,[584],NA,NA,,5.601875782,4.137812614,3.464372396,4.015231133,5.618039131,4.221906185,3.319203615,4.334125519,5.970784187,4.840035439,4.077823639,5.122266293,1.930291057,1.681470513,0,1.923131227,2.496081352,1.529467344,1.538866043,1.908704162,1.629631519,0.42182678,0,1.026967168,5.439497471,4.451988697,3.517632246,4.805409431,5.657941818,4.464372158,3.442004681,4.945388794,5.447628975,3.299985409,3.302746773,4.81511116,4.426897526,2.12382865,2.370111704,3.34622097,5.579280376,3.416737795,2.775905132,4.856102467,4.701486111,1.993178725,3.006789207,3.912324429,3.984606504,2.03363061,0,2.348895311,4.759919643,3.464372396,3.133166313,4.01017189,4.315106869,2.958580017,2.375367403,3.31099844,5.21679163,2.226275682,3.046866655,4.299985409,6.135491371,4.789749146,3.860794067,4.850452423,4.464372158,3.12382865,1.993178725,3.294447422,6.931406498,5.586662769,5.050156593,6.705404282,4.614154339,3.59400773,2.616375446,4.104969501,6.35954237,4.788764477,4.470524788,6.087862968,NA,NA,NA,NA,NA,NA,NA,NA,NA,NA,NA,NA,NA,NA,NA,NA,NA,NA,NA,NA,NA,NA,NA,NA,NA,NA,NA,NA,NA,NA,NA,NA,NA,NA,NA,NA,NA,NA,NA,NA,NA,NA,NA,NA,NA,NA,NA,NA
PTN6_531_541,GQESEYGNITY,P29350,"[536, 541]",NA,NA,,9.836258888,7.732791424,7.490794182,9.264929771,9.857394218,8.121484756,7.139551163,8.684384346,9.899869919,8.748888969,8.829543114,9.474624634,6.676423073,4.72535038,4.70043993,7.137812614,7.365827084,5.950679779,4.679347515,7.361364841,5.930737495,4.503300667,4.590622425,5.108129978,9.014389038,8.103486061,7.302574158,8.621982574,10.24240971,9.151518822,8.395796776,9.882239342,10.15851402,8.417773247,7.559503555,9.400356293,8.882758141,7.838965893,6.720712185,8.248285294,9.715638161,8.141963005,6.830021858,8.871294975,9.782101631,7.661845207,7.418330193,9.00684166,9.420198441,7.57443285,7.498190403,8.260498047,8.197077751,6.865237236,6.686235905,7.375859261,8.835811615,7.908024311,6.504500389,8.002867699,9.974387169,8.472978592,7.794293404,9.20170784,10.08400631,8.906493187,8.399912834,9.300115585,7.791101456,6.359210968,5.538280487,7.080440521,10.50962257,9.919088364,8.816681862,10.37050247,8.311084747,6.536521912,5.840985775,7.765810013,10.50889683,9.327828407,8.196891785,10.11258698,NA,NA,NA,NA,NA,NA,NA,NA,NA,NA,NA,NA,NA,NA,NA,NA,NA,NA,NA,NA,NA,NA,NA,NA,NA,NA,NA,NA,NA,NA,NA,NA,NA,NA,NA,NA,NA,NA,NA,NA,NA,NA,NA,NA,NA,NA,NA,NA
PTN6_558_570,KHKEDVYENLHTK,P29350,[564],NA,NA,,7.07963562,5.42246151,4.848564148,6.234613895,7.095048428,5.524744987,4.627430439,5.89367342,7.246673107,5.754887581,5.757908821,6.419284344,3.59400773,2.040263891,2.026967049,3.751859903,4.320566654,3.294447422,2.431950808,4.416737556,3.436986446,2.31099844,1.739685059,2.552850246,6.276651382,5.492457867,4.6052351,5.903711319,7.195221424,6.058757782,5.229907036,6.728177071,6.714764118,4.919538021,4.430689335,6.050156593,5.737135887,4.727406979,3.589492083,5.054258823,7.421350479,5.938303471,4.5758605,6.789749146,6.175208092,4.087462902,3.958580017,5.476650715,5.772921562,4.131614208,3.890465021,4.818974018,5.624674797,4.366157055,4.402650356,5.032799244,5.844305992,4.955951214,3.706707716,5.016072273,6.640585899,4.898701191,4.550529003,5.905529022,7.209453583,6.078226566,5.344212055,6.018593788,5.362853527,3.725350142,2.845726728,4.159300327,8.280245781,7.567131042,6.365166664,7.988791943,5.479094028,3.830500364,3.434470892,4.949799061,7.356887817,6.143214703,5.07540369,6.96774292,NA,NA,NA,NA,NA,NA,NA,NA,NA,NA,NA,NA,NA,NA,NA,NA,NA,NA,NA,NA,NA,NA,NA,NA,NA,NA,NA,NA,NA,NA,NA,NA,NA,NA,NA,NA,NA,NA,NA,NA,NA,NA,NA,NA,NA,NA,NA,NA
RAF1_332_344,PRGQRDSSYYWEI,P04049,"[340, 341]",NA,NA,,5.723805904,4.391020298,4.058349133,5.023623466,6.295140743,5.135491371,4.216059685,5.145523548,6.474509716,5.834321976,5.347558498,5.558059692,3.082651377,2.538866043,2.616375446,3.751859903,3.297219038,3.013546467,1.841935158,3.375367403,3.211658716,2.466836452,2.190942764,0.930291057,4.46313858,3.214594126,2.598509073,3.928504467,5.42246151,4.355558872,3.351564407,4.684649467,5.275597572,4.006789207,3.205770254,4.279106617,3.858919382,3.429426432,2.385821819,3.520007133,5.347558498,4.37929678,3.34622097,4.711910248,5.224820614,3.847618818,3.202816963,4.250790119,4.201337814,3.757908821,3.193920374,3.274894476,4.217523575,2.908704281,2.72740674,3.370111704,3.830500364,2.96904707,1.841935158,2.886789322,5.019433498,3.611929655,3.120702505,4.11913681,5.678284645,4.230632305,4.239305973,5.097038269,4.549366951,3.411630869,2.715023041,3.543542624,6.684914112,5.787286758,4.3608675,6.083052635,4.842884064,3.864536524,3.755895376,3.994887114,5.790240765,4.667613983,3.466836452,5.329394341,NA,NA,NA,NA,NA,NA,NA,NA,NA,NA,NA,NA,NA,NA,NA,NA,NA,NA,NA,NA,NA,NA,NA,NA,NA,NA,NA,NA,NA,NA,NA,NA,NA,NA,NA,NA,NA,NA,NA,NA,NA,NA,NA,NA,NA,NA,NA,NA
RASA1_453_465,TVDGKEIYNTIRR,P20936,[460],NA,NA,,6.417056561,4.886789322,4.07297945,5.709831715,7.300676346,5.776898384,4.723290443,5.938747406,7.464526653,6.659288883,5.915935516,6.364836693,2.277704239,0,0,2.886789322,3.330071211,1.886789441,0,3.252218962,2.500898361,5.34E-02,0,0,6.052209377,4.954196453,3.949799299,5.464988708,6.759919643,5.460668564,4.472978115,6.126168728,6.16196394,4.547039986,3.767934561,5.275597572,5.091460228,4.500898361,2.890465021,4.482750893,6.496081352,5.383214951,3.53182292,5.86687088,5.880334377,4.03196764,3.892299414,5.01017189,4.852337837,3.702532053,2.815111399,3.87199235,5.237142086,3.631829023,3.398783922,4.284704208,5.08104372,4.247927666,3.163863182,4.281908035,6.010593891,4.738666058,3.464372396,5.089063168,7.005730629,5.727406979,5.16310358,6.324307919,5.166139126,4.655783653,3.321928024,4.636214256,8.105661392,7.311341286,5.990612507,7.592033863,5.227002621,3.783832073,2.986325026,4.649290085,7.315790176,6.321247578,4.821864128,6.89710331,NA,NA,NA,NA,NA,NA,NA,NA,NA,NA,NA,NA,NA,NA,NA,NA,NA,NA,NA,NA,NA,NA,NA,NA,NA,NA,NA,NA,NA,NA,NA,NA,NA,NA,NA,NA,NA,NA,NA,NA,NA,NA,NA,NA,NA,NA,NA,NA
RET_1022_1034,TPSDSLIYDDGLS,P07949,[1029],NA,NA,,8.174172401,6.342200756,6.008058548,7.467451572,8.306276321,6.507495403,5.6509161,6.950679779,8.620392799,7.285751343,6.971218109,7.759793758,5.370769978,4.498491764,4.46313858,5.503300667,6.091460228,5.255785465,4.439497471,5.741721153,4.680409431,3.857042074,4.464372158,4.396201134,7.953866959,7.130254745,6.381257057,7.56985569,8.695786476,7.448875904,6.610816002,8.04181385,8.661240578,6.678550243,5.889087677,7.664665222,7.402650356,6.618593216,5.304813862,6.833367348,8.493439674,7.581982136,5.847146034,7.792329788,7.909270287,5.798089504,4.995740414,6.745531559,7.205032349,5.820901394,5.311684132,6.468374252,7.324307919,6.529467583,6.066901684,6.904166222,7.200597763,6.209085464,4.871062756,6.261828899,8.100017548,6.935860157,5.925820351,7.499845982,8.654027939,7.690986156,6.836705208,7.103980541,7.047072411,5.587795258,4.581555843,6.041504383,9.437771797,8.764245987,7.613320351,9.167134285,7.604395866,6.163863182,5.285402298,6.70827055,9.256186485,8.266697884,6.988899231,8.831695557,NA,NA,NA,NA,NA,NA,NA,NA,NA,NA,NA,NA,NA,NA,NA,NA,NA,NA,NA,NA,NA,NA,NA,NA,NA,NA,NA,NA,NA,NA,NA,NA,NA,NA,NA,NA,NA,NA,NA,NA,NA,NA,NA,NA,NA,NA,NA,NA
TEC_512_524,RYFLDDQYTSSSG,P42680,"[513, 519]",NA,NA,,4.724320889,3.805409431,3.059982061,3.953317881,5.578711033,4.227729321,2.706707716,3.793679953,5.952878475,4.502099991,4.490036964,5.234975338,3.175961494,3.085860729,3.354228497,2.90143609,3.548203945,3.403936386,3.12694788,3.163863182,2.948036671,2.763932705,2.731511116,2.958580017,4.914131165,4.050156593,3.419284344,4.739685059,5.428162575,4.143984795,3.232081652,4.776898384,5.192432404,3.426897526,3.243623018,4.184968948,3.651457787,3.291670322,1.779874086,3.026967049,5.231357098,4.15625,3.283306599,4.542375088,4.671891689,2.908704281,2.260764122,3.864536524,4.204294205,2.548203945,2.629631519,3.53652215,4.309626579,3.481532812,3.444507122,4.013546467,3.636214256,3.036951065,2.277704239,3.023623466,4.447005272,2.989755869,3.089063168,3.731511116,5.386472702,4.375367165,3.356888056,4.295834064,4.218985558,2.993178606,1.944504976,3.050156593,6.396201134,5.517632008,4.590622425,6.076613903,4.703577042,3.890465021,2.996593475,3.44949913,5.679878235,4.675091743,3.892299414,5.460668564,NA,NA,NA,NA,NA,NA,NA,NA,NA,NA,NA,NA,NA,NA,NA,NA,NA,NA,NA,NA,NA,NA,NA,NA,NA,NA,NA,NA,NA,NA,NA,NA,NA,NA,NA,NA,NA,NA,NA,NA,NA,NA,NA,NA,NA,NA,NA,NA
TYRO3_679_691,KIYSGDYYRQGCA,Q06418,"[681, 685, 686]",NA,NA,,4.836228848,3.299985409,2.611929655,4.112857342,5.455714703,4.157775879,3.111283541,4.093853474,5.480923653,4.548203945,4.328717232,4.653622627,0,0,0,1.655783772,0.401362628,0,0,0.664396942,0,0,0,0,4.810268402,3.921335697,3.414186716,4.496081352,5.576430798,4.706707954,4.104969501,5.000850201,5.702531815,4.664396763,3.729460478,4.92402792,4.447005272,3.555167913,2.719162703,3.573575735,5.653081894,4.957704544,3.582692146,5.077017307,5.619700909,4.643856049,3.826668262,4.471752167,5.104969501,4.461904049,3.96382308,4.385821819,4.38060379,3.120702505,2.755895376,3.843832254,4.006789207,3.187958956,2.111283541,3.016913414,5.044394016,4.472978115,3.193920374,4.592880249,5.762930393,4.829543114,4.53064537,5.421191692,4.977712154,4.166897297,3.431950808,4.535348892,6.668148994,6.042330742,4.860794067,6.428794861,5.170681,4.562098503,3.779874086,4.295834064,5.635118961,5.123828411,3.704621315,5.294447422,NA,NA,NA,NA,NA,NA,NA,NA,NA,NA,NA,NA,NA,NA,NA,NA,NA,NA,NA,NA,NA,NA,NA,NA,NA,NA,NA,NA,NA,NA,NA,NA,NA,NA,NA,NA,NA,NA,NA,NA,NA,NA,NA,NA,NA,NA,NA,NA
VGFR2_989_1001,EEAPEDLYKDFLT,P35968,[996],NA,NA,,7.779502392,6.542666912,5.752364635,6.84122324,8.162154198,6.386147022,5.150897026,6.735859394,8.15929985,6.523265839,6.397170067,7.731639385,5.614154339,4.637308598,4.371427536,5.988041401,6.230994701,5.315106869,4.160822868,5.954635143,4.610816002,3.79171586,3.783832073,4.41163063,7.681205273,6.817526817,5.976415634,7.23298645,8.738219261,7.274894714,6.437928677,8.105364799,8.275509834,6.468681812,5.801022053,7.366981983,6.72251749,5.936526775,5.062427998,6.214960575,8.430215836,7.273135662,6.124608994,7.76318121,7.436672211,5.694144249,5.377988338,6.552560329,7.108524323,5.546457767,5.317839146,6.497286797,6.989970207,5.89046526,5.680939674,6.362523079,6.285053253,5.720712185,4.880334377,5.851395607,7.415622234,6.089063168,5.629631519,6.872689247,8.500296593,7.461595535,6.762428761,7.147060871,6.413867474,5.218254566,4.624123096,5.485183716,9.222225189,8.302746773,7.555312634,9.046866417,6.877790451,5.749331951,5.188705444,6.015231133,8.268817902,7.444507122,6.604395866,8.103782654,NA,NA,NA,NA,NA,NA,NA,NA,NA,NA,NA,NA,NA,NA,NA,NA,NA,NA,NA,NA,NA,NA,NA,NA,NA,NA,NA,NA,NA,NA,NA,NA,NA,NA,NA,NA,NA,NA,NA,NA,NA,NA,NA,NA,NA,NA,NA,NA
YES_420_432,LIEDNEYTARQGA,P07947,[426],NA,NA,,6.003398418,4.860794067,3.761927605,4.959455013,6.588926792,4.893215656,4.071361065,5.229181767,6.882642746,5.387773514,4.970784187,6.718129158,4.106550694,3.761927605,3.580418587,4.419284344,4.433211327,4.116000652,3.040263891,4.281908035,3.550529003,3.178970337,3.184968948,2.894131184,6.336485386,5.667613983,5.062427998,6.158919334,7.270669937,5.950679779,5.164622307,6.630730629,6.416100502,4.836228848,4.632926464,5.739175797,5.428162575,4.398784161,4.026967049,4.856102467,6.648204803,5.372084618,4.523561954,6.029886246,6.087862968,4.387123108,4.319203377,5.651457787,5.539451599,4.371427536,4.226275921,5.016913414,5.769432545,4.74882555,4.559792042,5.060797691,5.238584995,4.715023041,3.826668262,4.758914471,6.158538342,4.732535362,4.465604782,5.38517046,6.953098297,5.769432545,5.065682888,5.229181767,5.222635269,3.956828117,3.367476463,4.374055386,7.719550133,6.77341938,6.083052635,7.719679356,5.498491764,4.587229252,4.114429951,4.871062756,7.565982342,6.43981123,5.704099178,7.314593792,NA,NA,NA,NA,NA,NA,NA,NA,NA,NA,NA,NA,NA,NA,NA,NA,NA,NA,NA,NA,NA,NA,NA,NA,NA,NA,NA,NA,NA,NA,NA,NA,NA,NA,NA,NA,NA,NA,NA,NA,NA,NA,NA,NA,NA,NA,NA,NA
ZAP70_313_325,SVYESPYSDPEEL,P43403,"[315, 319]",NA,NA,,8.646167755,7.27102232,6.299985409,7.9136796,8.595626831,7.018803596,5.852337837,7.316815376,9.082199097,7.527993202,7.434470654,8.815775871,5.428162575,4.747812748,4.687821388,6.059165955,6.136265755,5.481533051,4.639494419,6.005518436,5.157775879,3.993178606,4.013546467,4.993178844,9.23984623,8.459122658,7.544855118,8.8966465,10.01180744,8.629219055,7.811359406,9.291713715,9.738921165,7.966655254,7.512274742,8.992056847,8.38639164,7.233167648,6.565263748,8.0717659,9.358838081,8.040884018,7.103386879,8.911645889,8.681868553,6.95507431,6.375695229,7.798945427,8.934191704,7.162724018,6.977927685,7.829423428,8.603276253,7.539451599,7.186651707,7.861379623,8.197541237,7.443725586,6.287494659,7.561089993,8.831994057,7.406505585,6.949799061,8.385984421,9.493817329,8.519784927,7.303780556,8.416100502,7.864186287,6.718129158,5.8194561,7.050772667,10.4474926,9.466759682,8.565910339,10.39874363,8.549875259,7.502850533,6.826908112,7.910176277,10.18223,8.990719795,7.885408401,9.865558624,NA,NA,NA,NA,NA,NA,NA,NA,NA,NA,NA,NA,NA,NA,NA,NA,NA,NA,NA,NA,NA,NA,NA,NA,NA,NA,NA,NA,NA,NA,NA,NA,NA,NA,NA,NA,NA,NA,NA,NA,NA,NA,NA,NA,NA,NA,NA,NA
ZAP70_485_497,ALGADDSYYTARS,P43403,"[492, 493]",NA,NA,,5.613598347,3.948036671,3.672959089,4.785807133,6.556035995,4.886789322,3.888628244,5.382562637,7.217157364,6.125389099,5.538866043,6.197633743,3.255073071,3.163863182,3.059982061,3.469296217,3.696245909,3.855162382,3.076210737,3.755895376,3.380604029,3.316473722,3.436986446,3.294447422,5.839085102,4.887709141,4.160822868,5.234252453,6.399751663,5.098628044,4.269258976,5.581555843,6.153575897,4.371427536,3.811238289,5.253646851,4.847619057,4.198375702,2.845726728,4.414186478,6.192060471,5.095446587,3.653622389,5.487612724,5.895046711,4.092258453,3.912324429,4.920436859,5.226275921,3.647119045,3.187958956,3.795641661,5.132390499,4.297219276,4.03196764,4.430689335,5.020272255,3.864536524,2.548203945,3.99146843,5.835752487,4.671891689,3.706707716,4.716059208,6.392965317,4.921335697,4.757908821,5.604115963,4.969915867,4.018593788,3.591751814,4.377988338,7.483359337,6.614431858,5.297911167,7.188145638,5.593443871,4.726378918,3.974252224,4.643856049,7.244341373,6.15281105,4.973385811,6.731255054,NA,NA,NA,NA,NA,NA,NA,NA,NA,NA,NA,NA,NA,NA,NA,NA,NA,NA,NA,NA,NA,NA,NA,NA,NA,NA,NA,NA,NA,NA,NA,NA,NA,NA,NA,NA,NA,NA,NA,NA,NA,NA,NA,NA,NA,NA,NA,NA
